;Rank;Player;Age;Tm;First;Pts Won;Pts Max;Share;G;MP;PTS;TRB;AST;STL;BLK;FG%;3P%;FT%;WS;WS/48;DWS;DBPM;DRtg;
0;1;Sidney Moncrief;26;MIL;19.0;19.0;76;0.25;79;38.9;20.9;6.7;4.5;1.4;0.3;0.498;0.278;0.848;12.7;0.198;4.2;0.4;105;1984
1;2;Mark Eaton;27;UTA;14.0;14.0;76;0.184;82;26.1;5.6;7.3;1.4;0.3;4.3;0.466;0.0;0.593;3.7;0.084;3.5;3.7;102;1984
2;3;Dennis Johnson;29;BOS;7.0;7.0;76;0.092;80;33.3;13.2;3.5;4.2;1.2;0.7;0.437;0.125;0.852;5.7;0.102;3.2;0.6;106;1984
3;4T;Maurice Cheeks;27;PHI;5.0;5.0;76;0.066;75;33.3;12.7;2.7;6.4;2.3;0.3;0.55;0.4;0.733;7.3;0.141;3.4;1.6;105;1984
4;4T;Michael Cooper;27;LAL;5.0;5.0;76;0.066;82;29.1;9.0;3.2;5.9;1.4;0.8;0.497;0.314;0.838;6.5;0.13;2.6;1.7;107;1984
5;4T;Bobby Jones;32;PHI;5.0;5.0;76;0.066;75;23.5;8.3;4.3;2.5;1.4;1.4;0.523;0.0;0.784;6.0;0.163;3.2;3.4;101;1984
6;7;T.R. Dunn;28;DEN;4.0;4.0;76;0.053;80;33.8;5.7;7.2;2.9;2.2;0.4;0.47;0.0;0.731;4.1;0.073;2.1;1.2;110;1984
7;8;Rickey Green;29;UTA;3.0;3.0;76;0.039;81;34.2;13.2;2.8;9.2;2.7;0.2;0.486;0.118;0.821;7.9;0.138;3.0;1.2;107;1984
8;9T;Larry Nance;24;PHO;2.0;2.0;76;0.026;82;35.4;17.7;8.3;2.6;1.0;2.1;0.576;0.0;0.707;9.8;0.163;3.7;0.9;106;1984
9;9T;Calvin Natt;27;POR;2.0;2.0;76;0.026;79;33.4;16.2;6.0;2.3;0.9;0.3;0.583;0.118;0.797;8.4;0.154;2.1;-0.7;109;1984
10;9T;Rory Sparrow;25;NYK;2.0;2.0;76;0.026;79;30.8;10.4;2.4;6.8;1.3;0.1;0.474;0.256;0.824;4.2;0.083;3.1;0.0;106;1984
11;12T;Larry Bird;27;BOS;1.0;1.0;76;0.013;79;38.3;24.2;10.1;6.6;1.8;0.9;0.492;0.247;0.888;13.6;0.215;5.6;2.0;101;1984
12;12T;Magic Johnson;24;LAL;1.0;1.0;76;0.013;67;38.3;17.6;7.3;13.1;2.2;0.7;0.565;0.207;0.81;10.2;0.191;3.6;1.8;105;1984
13;12T;Bill Laimbeer;26;DET;1.0;1.0;76;0.013;82;34.9;17.3;12.2;1.8;0.6;1.0;0.53;0.0;0.866;10.8;0.181;3.5;-0.7;106;1984
14;12T;Moses Malone;28;PHI;1.0;1.0;76;0.013;71;36.8;22.7;13.4;1.4;1.0;1.5;0.483;0.0;0.75;9.5;0.175;4.6;-1.2;102;1984
15;12T;Tree Rollins;28;ATL;1.0;1.0;76;0.013;77;30.5;8.6;7.7;0.8;0.5;3.6;0.518;;0.621;5.5;0.113;3.8;2.3;103;1984
16;12T;Lonnie Shelton;28;CLE;1.0;1.0;76;0.013;79;26.6;10.8;4.8;2.3;1.0;0.7;0.476;0.2;0.764;2.1;0.048;2.1;0.3;108;1984
17;12T;Mychal Thompson;29;POR;1.0;1.0;76;0.013;79;33.5;15.7;8.7;3.9;1.1;1.4;0.524;0.0;0.667;6.9;0.125;3.3;0.8;106;1984
18;12T;Jamaal Wilkes;30;LAL;1.0;1.0;76;0.013;75;33.4;17.3;4.5;2.9;1.0;0.5;0.514;0.25;0.743;6.0;0.115;2.0;-0.9;110;1984
0;1;Mark Eaton;28;UTA;32.0;32.0;78;0.41;82;34.3;9.7;11.3;1.5;0.4;5.6;0.449;;0.712;5.4;0.093;6.7;4.2;97;1985
1;2;Sidney Moncrief;27;MIL;13.0;13.0;78;0.167;73;37.5;21.7;5.4;5.2;1.6;0.5;0.483;0.273;0.828;11.2;0.197;3.9;1.0;105;1985
2;3;Paul Pressey;26;MIL;10.0;10.0;78;0.128;80;36.0;16.1;5.4;6.8;1.6;0.7;0.517;0.35;0.758;9.6;0.16;4.4;1.6;104;1985
3;4;Michael Cooper;28;LAL;9.0;9.0;78;0.115;82;26.7;8.6;3.1;5.2;1.1;0.6;0.465;0.285;0.865;4.6;0.102;2.3;1.1;108;1985
4;5;Maurice Cheeks;28;PHI;5.0;5.0;78;0.064;78;33.5;13.1;2.8;6.4;2.2;0.3;0.57;0.231;0.879;9.0;0.165;2.8;1.5;108;1985
5;6;Dennis Johnson;30;BOS;3.0;3.0;78;0.038;80;37.2;15.7;4.0;6.8;1.2;0.5;0.462;0.269;0.853;6.4;0.103;2.8;0.0;109;1985
6;7T;T.R. Dunn;29;DEN;2.0;2.0;78;0.026;81;28.3;5.4;4.8;1.9;1.7;0.2;0.489;0.0;0.724;4.4;0.092;2.3;1.1;108;1985
7;7T;Micheal Ray Richardson;29;NJN;2.0;2.0;78;0.026;82;38.1;20.1;5.6;8.2;3.0;0.3;0.469;0.252;0.767;8.7;0.134;4.2;1.6;105;1985
8;7T;Danny Vranes;26;SEA;2.0;2.0;78;0.026;76;28.5;5.8;5.7;2.0;1.0;0.8;0.463;0.25;0.528;1.8;0.039;2.4;1.2;107;1985
0;1;Alvin Robertson;23;SAS;27.0;27.0;78;0.346;82;35.1;17.0;6.3;5.5;3.7;0.5;0.514;0.276;0.795;8.6;0.143;4.6;3.3;103;1986
1;2;Manute Bol;23;WSB;22.0;22.0;78;0.282;80;26.1;3.7;6.0;0.3;0.4;5.0;0.46;0.0;0.488;3.9;0.089;4.2;4.7;99;1986
2;3;Sidney Moncrief;28;MIL;8.0;8.0;78;0.103;73;35.2;20.2;4.6;4.9;1.4;0.2;0.489;0.32;0.859;11.7;0.219;3.4;0.7;105;1986
0;1;Michael Cooper;30;LAL;25.0;25.0;78;0.321;82;27.5;10.5;3.1;4.5;1.0;0.5;0.438;0.385;0.851;6.1;0.131;2.3;0.7;108;1987
1;2;Alvin Robertson;24;SAS;16.0;16.0;78;0.205;81;33.3;17.7;5.2;5.2;3.2;0.4;0.466;0.271;0.753;5.3;0.094;3.4;2.1;106;1987
2;3;Mark Eaton;30;UTA;10.0;10.0;78;0.128;79;31.7;7.7;8.8;1.3;0.5;4.1;0.4;;0.657;3.6;0.068;5.0;3.1;100;1987
3;4;Manute Bol;24;WSB;8.0;8.0;78;0.103;82;18.9;3.1;4.4;0.1;0.2;3.7;0.446;0.0;0.672;2.4;0.074;2.9;4.6;101;1987
4;5;Kevin McHale;29;BOS;5.0;5.0;78;0.064;77;39.7;26.1;9.9;2.6;0.5;2.2;0.604;0.0;0.836;14.8;0.232;4.0;0.4;106;1987
5;6;Maurice Cheeks;30;PHI;4.0;4.0;78;0.051;68;38.6;15.6;3.2;7.9;2.6;0.2;0.527;0.235;0.777;7.9;0.145;2.7;1.0;108;1987
6;7;Dennis Johnson;32;BOS;3.0;3.0;78;0.038;79;37.1;13.4;3.3;7.5;1.1;0.5;0.444;0.113;0.833;5.2;0.085;2.6;-0.1;109;1987
7;8T;T.R. Dunn;31;DEN;1.0;1.0;78;0.013;81;23.9;3.4;3.3;1.8;1.2;0.3;0.428;0.0;0.655;2.4;0.06;1.5;1.2;110;1987
8;8T;Bill Hanzlik;29;DEN;1.0;1.0;78;0.013;73;27.3;13.0;3.5;3.8;1.2;0.4;0.412;0.275;0.786;3.5;0.085;1.5;-0.2;111;1987
9;8T;Derek Harper;25;DAL;1.0;1.0;78;0.013;77;33.2;16.0;2.6;7.9;2.2;0.3;0.501;0.358;0.684;9.4;0.177;2.6;1.2;109;1987
10;8T;Michael Jordan;23;CHI;1.0;1.0;78;0.013;82;40.0;37.1;5.2;4.6;2.9;1.5;0.482;0.182;0.857;16.9;0.247;5.0;2.4;104;1987
11;8T;Fat Lever;26;DEN;1.0;1.0;78;0.013;82;37.2;18.9;8.9;8.0;2.5;0.4;0.469;0.239;0.782;9.7;0.153;3.8;1.4;107;1987
12;8T;Paul Pressey;28;MIL;1.0;1.0;78;0.013;61;33.7;13.9;4.9;7.2;1.8;0.8;0.477;0.291;0.738;5.5;0.129;2.9;1.6;105;1987
13;8T;Doc Rivers;25;ATL;1.0;1.0;78;0.013;82;31.6;12.8;3.6;10.0;2.1;0.4;0.451;0.19;0.828;10.3;0.191;3.9;2.4;104;1987
0;1;Michael Jordan;24;CHI;37.0;37.0;80;0.463;82;40.4;35.0;5.5;5.9;3.2;1.6;0.535;0.132;0.841;21.2;0.308;6.1;4.2;101;1988
1;2;Mark Eaton;31;UTA;9.0;9.0;80;0.113;82;33.3;7.0;8.7;0.7;0.5;3.7;0.418;;0.623;4.1;0.072;5.2;2.0;101;1988
2;3;Hakeem Olajuwon;25;HOU;7.0;7.0;80;0.088;79;35.8;22.8;12.1;2.1;2.1;2.7;0.514;0.0;0.695;10.7;0.182;6.3;2.2;98;1988
3;4;Alvin Robertson;25;SAS;6.0;6.0;80;0.075;82;36.3;19.6;6.1;6.8;3.0;0.8;0.465;0.284;0.748;5.8;0.094;2.8;1.2;109;1988
4;5T;Michael Cooper;31;LAL;4.0;4.0;80;0.05;61;29.4;8.7;3.7;4.7;1.1;0.4;0.392;0.32;0.858;3.1;0.082;1.8;0.9;108;1988
5;5T;Patrick Ewing;25;NYK;4.0;4.0;80;0.05;82;31.0;20.2;8.2;1.5;1.3;3.0;0.555;0.0;0.716;8.1;0.154;4.7;2.4;101;1988
6;5T;Fat Lever;27;DEN;4.0;4.0;80;0.05;82;37.3;18.9;8.1;7.8;2.7;0.3;0.473;0.211;0.785;10.4;0.163;4.9;2.2;103;1988
7;8T;Manute Bol;25;WSB;1.0;1.0;80;0.013;77;14.8;2.3;3.6;0.2;0.1;2.7;0.455;0.0;0.531;2.0;0.085;2.1;4.5;101;1988
8;8T;Maurice Cheeks;31;PHI;1.0;1.0;80;0.013;79;36.3;13.7;3.2;8.0;2.1;0.3;0.495;0.136;0.825;8.3;0.138;2.2;0.8;110;1988
9;8T;Clyde Drexler;25;POR;1.0;1.0;80;0.013;81;37.8;27.0;6.6;5.8;2.5;0.6;0.506;0.212;0.811;13.2;0.207;3.9;1.4;106;1988
10;8T;Bob Hansen;27;UTA;1.0;1.0;80;0.013;81;22.2;9.6;2.3;2.2;0.8;0.1;0.517;0.33;0.743;4.4;0.118;2.1;0.3;107;1988
11;8T;Nate McMillan;23;SEA;1.0;1.0;80;0.013;82;29.9;7.6;4.1;8.6;2.1;0.6;0.474;0.375;0.707;6.5;0.127;3.1;1.9;106;1988
12;8T;Sam Perkins;26;DAL;1.0;1.0;80;0.013;75;33.3;14.2;8.0;1.6;1.0;0.7;0.45;0.167;0.822;6.7;0.128;3.0;0.0;107;1988
13;8T;Paul Pressey;29;MIL;1.0;1.0;80;0.013;75;33.1;13.1;5.0;7.0;1.5;0.5;0.491;0.205;0.798;7.1;0.136;2.7;1.3;108;1988
14;8T;Dennis Rodman;26;DET;1.0;1.0;80;0.013;82;26.2;11.6;8.7;1.3;0.9;0.5;0.561;0.294;0.535;6.8;0.153;3.6;0.4;103;1988
15;8T;John Stockton;25;UTA;1.0;1.0;80;0.013;82;34.7;14.7;2.9;13.8;3.0;0.2;0.574;0.358;0.84;14.1;0.238;4.9;3.3;102;1988
0;1;Mark Eaton;32;UTA;26.0;26.0;85;0.306;82;35.5;6.2;10.3;1.0;0.5;3.8;0.462;;0.66;6.6;0.108;6.5;3.1;98;1989
1;2;Hakeem Olajuwon;26;HOU;25.0;25.0;85;0.294;82;36.9;24.8;13.5;1.8;2.6;3.4;0.508;0.0;0.696;12.4;0.197;7.8;2.9;95;1989
2;3;Dennis Rodman;27;DET;23.0;23.0;85;0.271;82;26.9;9.0;9.4;1.2;0.7;0.9;0.595;0.231;0.626;8.1;0.175;3.9;1.1;102;1989
3;4;Manute Bol;26;GSW;4.0;4.0;85;0.047;80;22.1;3.9;5.8;0.3;0.1;4.3;0.369;0.22;0.606;1.7;0.046;2.8;3.2;103;1989
4;5;Michael Jordan;25;CHI;3.0;3.0;85;0.035;81;40.2;32.5;8.0;8.0;2.9;0.8;0.538;0.276;0.85;19.8;0.292;5.2;3.4;103;1989
5;6;Patrick Ewing;26;NYK;2.0;2.0;85;0.024;80;36.2;22.7;9.3;2.4;1.5;3.5;0.567;0.0;0.746;10.9;0.181;4.7;2.3;103;1989
6;7T;Fat Lever;28;DEN;1.0;1.0;85;0.012;71;38.7;19.8;9.3;7.9;2.7;0.3;0.457;0.348;0.785;9.2;0.161;4.2;1.8;104;1989
7;7T;Buck Williams;28;NJN;1.0;1.0;85;0.012;74;33.1;13.0;9.4;1.1;0.8;0.5;0.531;0.0;0.666;5.2;0.101;2.1;-0.8;109;1989
0;1;Dennis Rodman;28;DET;49.0;49.0;92;0.533;82;29.0;8.8;9.7;0.9;0.6;0.7;0.581;0.111;0.654;9.3;0.189;4.4;0.9;101;1990
1;2;Hakeem Olajuwon;27;HOU;35.0;35.0;92;0.38;82;38.1;24.3;14.0;2.9;2.1;4.6;0.501;0.167;0.713;11.2;0.173;8.7;4.0;93;1990
2;3T;Joe Dumars;26;DET;2.0;2.0;92;0.022;75;34.4;17.8;2.8;4.9;0.8;0.0;0.48;0.4;0.9;8.7;0.162;3.0;0.3;107;1990
3;3T;Derek Harper;28;DAL;2.0;2.0;92;0.022;82;36.7;18.0;3.0;7.4;2.3;0.3;0.488;0.371;0.794;9.9;0.158;3.6;1.4;107;1990
4;5T;Mark Eaton;33;UTA;1.0;1.0;92;0.011;82;27.8;4.8;7.3;0.5;0.4;2.5;0.527;;0.669;5.3;0.112;3.9;2.1;102;1990
5;5T;Patrick Ewing;27;NYK;1.0;1.0;92;0.011;82;38.6;28.6;10.9;2.2;1.0;4.0;0.551;0.25;0.775;13.5;0.205;5.3;1.8;103;1990
6;5T;Michael Jordan;26;CHI;1.0;1.0;92;0.011;82;39.0;33.6;6.9;6.3;2.8;0.7;0.526;0.376;0.848;19.0;0.285;4.3;2.1;106;1990
7;5T;Alvin Robertson;27;MIL;1.0;1.0;92;0.011;81;32.1;14.2;6.9;5.5;2.6;0.2;0.503;0.154;0.741;7.5;0.138;3.9;2.0;104;1990
0;1;Dennis Rodman;29;DET;51.0;51.0;96;0.531;82;33.5;8.2;12.5;1.0;0.8;0.7;0.493;0.2;0.631;8.7;0.151;5.2;0.7;101;1991
1;2;David Robinson;25;SAS;18.0;18.0;96;0.188;82;37.7;25.6;13.0;2.5;1.5;3.9;0.552;0.143;0.762;17.0;0.264;7.6;3.3;96;1991
2;3;Alvin Robertson;28;MIL;15.0;15.0;96;0.156;81;32.1;13.6;5.7;5.5;3.0;0.2;0.485;0.365;0.757;7.7;0.142;4.3;2.8;103;1991
3;4;Joe Dumars;27;DET;3.0;3.0;96;0.031;80;38.1;20.4;2.3;5.5;1.1;0.1;0.481;0.311;0.89;9.9;0.155;3.1;0.1;108;1991
4;5T;Hakeem Olajuwon;28;HOU;2.0;2.0;96;0.021;56;36.8;21.2;13.8;2.3;2.2;3.9;0.508;0.0;0.769;8.6;0.201;5.7;4.0;93;1991
5;5T;Buck Williams;30;POR;2.0;2.0;96;0.021;80;32.3;11.7;9.4;1.2;0.6;0.6;0.602;;0.705;8.5;0.158;3.9;0.3;104;1991
6;7T;Patrick Ewing;28;NYK;1.0;1.0;96;0.01;81;38.3;26.6;11.2;3.0;1.0;3.2;0.514;0.0;0.745;10.0;0.155;5.6;1.7;101;1991
7;7T;Derek Harper;29;DAL;1.0;1.0;96;0.01;77;37.4;19.7;3.0;7.1;1.9;0.2;0.467;0.362;0.731;7.6;0.127;2.0;0.0;111;1991
8;7T;Michael Jordan;27;CHI;1.0;1.0;96;0.01;82;37.0;31.5;6.0;5.5;2.7;1.0;0.539;0.312;0.851;20.3;0.321;5.4;3.2;102;1991
9;7T;Scottie Pippen;25;CHI;1.0;1.0;96;0.01;82;36.8;17.8;7.3;6.2;2.4;1.1;0.52;0.309;0.706;11.2;0.179;5.4;2.5;102;1991
10;7T;John Stockton;28;UTA;1.0;1.0;96;0.01;82;37.8;17.2;2.9;14.2;2.9;0.2;0.507;0.345;0.836;14.0;0.217;4.7;2.5;104;1991
0;1;David Robinson;26;SAS;46.0;46.0;96;0.479;68;37.7;23.2;12.2;2.7;2.3;4.5;0.551;0.125;0.701;13.9;0.26;6.9;4.6;94;1992
1;2;Dennis Rodman;30;DET;39.0;39.0;96;0.406;82;40.3;9.8;18.7;2.3;0.8;0.9;0.539;0.317;0.6;12.6;0.183;7.0;0.9;99;1992
2;3T;Michael Jordan;28;CHI;3.0;3.0;96;0.031;80;38.8;30.1;6.4;6.1;2.3;0.9;0.519;0.27;0.832;17.7;0.274;5.6;2.5;102;1992
3;3T;Scottie Pippen;26;CHI;3.0;3.0;96;0.031;82;38.6;21.0;7.7;7.0;1.9;1.1;0.506;0.2;0.76;12.7;0.192;5.5;2.0;102;1992
4;5;Joe Dumars;28;DET;2.0;2.0;96;0.021;82;38.9;19.9;2.3;4.6;0.9;0.1;0.448;0.408;0.867;8.2;0.123;2.5;-0.5;110;1992
5;6T;Karl Malone;28;UTA;1.0;1.0;96;0.01;81;37.7;28.0;11.2;3.0;1.3;0.6;0.526;0.176;0.778;15.1;0.237;5.2;0.6;103;1992
6;6T;Hakeem Olajuwon;29;HOU;1.0;1.0;96;0.01;70;37.7;21.6;12.1;2.2;1.8;4.3;0.502;0.0;0.766;9.8;0.178;5.6;3.0;99;1992
7;6T;Buck Williams;31;POR;1.0;1.0;96;0.01;80;31.5;11.3;8.8;1.4;0.8;0.5;0.604;0.0;0.754;9.2;0.175;3.8;0.5;104;1992
0;1;Hakeem Olajuwon;30;HOU;73.0;73.0;98;0.745;82;39.5;26.1;13.0;3.5;1.8;4.2;0.529;0.0;0.779;15.8;0.234;8.0;3.6;96;1993
1;2T;Michael Jordan;29;CHI;9.0;9.0;98;0.092;78;39.3;32.6;6.7;5.5;2.8;0.8;0.495;0.352;0.837;17.2;0.27;5.2;2.6;102;1993
2;2T;David Robinson;27;SAS;9.0;9.0;98;0.092;82;39.2;23.4;11.7;3.7;1.5;3.2;0.501;0.176;0.732;13.2;0.197;6.4;2.7;100;1993
3;4;Dennis Rodman;31;DET;3.0;3.0;98;0.031;62;38.9;7.5;18.3;1.6;0.8;0.7;0.427;0.205;0.534;5.5;0.11;4.1;0.2;102;1993
4;5T;Patrick Ewing;30;NYK;1.0;1.0;98;0.01;81;37.1;24.2;12.1;1.9;0.9;2.0;0.503;0.143;0.719;10.6;0.17;8.1;2.0;94;1993
5;5T;Dan Majerle;27;PHO;1.0;1.0;98;0.01;82;39.0;16.9;4.7;3.8;1.7;0.4;0.464;0.381;0.778;9.8;0.147;3.2;0.4;108;1993
6;5T;Charles Oakley;29;NYK;1.0;1.0;98;0.01;82;27.2;6.9;8.6;1.5;1.0;0.2;0.508;0.0;0.722;7.3;0.157;5.1;1.9;98;1993
7;5T;John Starks;27;NYK;1.0;1.0;98;0.01;80;31.0;17.5;2.6;5.1;1.1;0.2;0.428;0.321;0.795;7.5;0.145;4.2;0.9;103;1993
0;1;Hakeem Olajuwon;31;HOU;23.0;23.0;101;0.228;80;41.0;27.3;11.9;3.6;1.6;3.7;0.528;0.421;0.716;14.3;0.21;7.9;3.3;95;1994
1;2;David Robinson;28;SAS;22.0;22.0;101;0.218;80;40.5;29.8;10.7;4.8;1.7;3.3;0.507;0.345;0.749;20.0;0.296;6.7;3.8;98;1994
2;3;Dikembe Mutombo;27;DEN;19.0;19.0;101;0.188;82;34.8;12.0;11.8;1.5;0.7;4.1;0.569;0.0;0.583;9.4;0.158;6.4;3.0;96;1994
3;4;Scottie Pippen;28;CHI;11.0;11.0;101;0.109;72;38.3;22.0;8.7;5.6;2.9;0.8;0.491;0.32;0.66;11.2;0.194;6.0;3.2;97;1994
4;5;Gary Payton;25;SEA;9.0;9.0;101;0.089;82;35.1;16.5;3.3;6.0;2.3;0.2;0.504;0.278;0.595;9.3;0.155;4.1;1.3;103;1994
5;6;Dennis Rodman;32;SAS;8.0;8.0;101;0.079;79;37.8;4.7;17.3;2.3;0.7;0.4;0.534;0.208;0.52;8.7;0.14;5.4;0.3;100;1994
6;7T;Mookie Blaylock;26;ATL;3.0;3.0;101;0.03;81;36.0;13.8;5.2;9.7;2.6;0.5;0.411;0.334;0.73;10.2;0.168;5.3;2.3;100;1994
7;7T;Nate McMillan;29;SEA;3.0;3.0;101;0.03;73;25.8;6.0;3.9;5.3;3.0;0.3;0.447;0.391;0.564;6.0;0.154;4.5;5.5;95;1994
8;9;Charles Oakley;30;NYK;2.0;2.0;101;0.02;82;35.8;11.8;11.8;2.7;1.3;0.2;0.478;0.0;0.776;10.5;0.172;6.8;1.5;96;1994
9;10;Horace Grant;28;CHI;1.0;1.0;101;0.01;70;36.7;15.1;11.0;3.4;1.1;1.2;0.524;0.0;0.596;10.0;0.188;4.3;0.9;101;1994
0;1;Dikembe Mutombo;28;DEN;45.0;45.0;105;0.429;82;37.8;11.5;12.5;1.4;0.5;3.9;0.556;;0.654;8.7;0.135;5.2;1.8;103;1995
1;2;Scottie Pippen;29;CHI;16.0;16.0;105;0.152;79;38.2;21.4;8.1;5.2;2.9;1.1;0.48;0.345;0.716;11.8;0.188;6.7;3.0;98;1995
2;3;Hakeem Olajuwon;32;HOU;13.0;13.0;105;0.124;72;39.6;27.8;10.8;3.5;1.8;3.4;0.517;0.188;0.756;10.7;0.181;5.6;2.6;100;1995
3;4;David Robinson;29;SAS;12.0;12.0;105;0.114;81;38.0;27.6;10.8;2.9;1.7;3.2;0.53;0.3;0.774;17.5;0.273;6.7;3.2;99;1995
4;5;Dennis Rodman;33;SAS;11.0;11.0;105;0.105;49;32.0;7.1;16.8;2.0;0.6;0.5;0.571;0.0;0.676;5.8;0.178;3.2;0.4;100;1995
5;6T;Derrick McKey;28;IND;2.0;2.0;105;0.019;81;34.6;13.3;4.9;3.4;1.5;0.6;0.493;0.36;0.744;7.4;0.127;3.9;1.6;105;1995
6;6T;Nate McMillan;30;SEA;2.0;2.0;105;0.019;80;25.9;5.2;3.8;5.3;2.1;0.7;0.418;0.342;0.586;5.1;0.119;3.6;3.8;103;1995
7;6T;Alonzo Mourning;24;CHH;2.0;2.0;105;0.019;77;38.2;21.3;9.9;1.4;0.6;2.9;0.519;0.324;0.761;9.4;0.153;5.1;0.9;102;1995
8;6T;Gary Payton;26;SEA;2.0;2.0;105;0.019;82;36.8;20.6;3.4;7.1;2.5;0.2;0.509;0.302;0.716;11.7;0.187;3.5;0.8;107;1995
0;1;Gary Payton;27;SEA;56.0;56.0;113;0.496;81;39.0;19.3;4.2;7.5;2.9;0.2;0.484;0.328;0.748;11.5;0.174;5.6;1.8;102;1996
1;2;Scottie Pippen;30;CHI;15.0;15.0;113;0.133;77;36.7;19.4;6.4;5.9;1.7;0.7;0.463;0.374;0.679;12.3;0.209;5.3;1.7;101;1996
2;3;Dikembe Mutombo;29;DEN;11.0;11.0;113;0.097;74;36.7;11.0;11.8;1.5;0.5;4.5;0.499;0.0;0.695;7.6;0.134;5.0;2.8;101;1996
3;4;David Robinson;30;SAS;9.0;9.0;113;0.08;82;36.8;25.0;12.2;3.0;1.4;3.3;0.516;0.333;0.761;18.3;0.29;7.2;3.1;96;1996
4;5;Hakeem Olajuwon;33;HOU;8.0;8.0;113;0.071;72;38.8;26.9;10.9;3.6;1.6;2.9;0.514;0.214;0.724;9.7;0.166;5.2;2.0;101;1996
5;6;Michael Jordan;32;CHI;7.0;7.0;113;0.062;82;37.7;30.4;6.6;4.3;2.2;0.5;0.495;0.427;0.834;20.4;0.317;6.2;2.2;100;1996
6;7;Dennis Rodman;34;CHI;4.0;4.0;113;0.035;64;32.6;5.5;14.9;2.5;0.6;0.4;0.48;0.111;0.528;6.2;0.143;4.6;0.3;98;1996
7;8T;Horace Grant;30;ORL;1.0;1.0;113;0.009;63;36.3;13.4;9.2;2.7;1.0;1.2;0.513;0.167;0.734;8.0;0.169;3.1;0.6;105;1996
8;8T;Bo Outlaw;24;LAC;1.0;1.0;113;0.009;80;12.3;3.6;2.5;0.6;0.6;1.1;0.575;0.0;0.444;2.3;0.111;1.2;2.4;106;1996
9;8T;Latrell Sprewell;25;GSW;1.0;1.0;113;0.009;78;39.3;18.9;4.9;4.2;1.6;0.6;0.428;0.323;0.789;5.5;0.086;1.9;-0.6;111;1996
0;1;Dikembe Mutombo;30;ATL;60.0;60.0;115;0.522;80;37.2;13.3;11.6;1.4;0.6;3.3;0.527;;0.705;11.3;0.183;6.6;2.4;97;1997
1;2;Gary Payton;28;SEA;25.0;25.0;115;0.217;82;39.2;21.8;4.6;7.1;2.4;0.2;0.476;0.313;0.715;12.9;0.193;4.7;1.1;103;1997
2;3;Mookie Blaylock;29;ATL;18.0;18.0;115;0.157;78;39.2;17.4;5.3;5.9;2.7;0.3;0.432;0.366;0.753;12.5;0.197;5.6;2.4;100;1997
3;4;Scottie Pippen;31;CHI;4.0;4.0;115;0.035;82;37.7;20.2;6.5;5.7;1.9;0.5;0.474;0.368;0.701;13.1;0.203;5.2;1.4;101;1997
4;5;Michael Jordan;33;CHI;3.0;3.0;115;0.026;82;37.9;29.6;5.9;4.3;1.7;0.5;0.486;0.374;0.833;18.3;0.283;5.0;1.1;102;1997
5;6T;Joe Dumars;33;DET;1.0;1.0;115;0.009;79;37.0;14.7;2.4;4.0;0.7;0.0;0.44;0.432;0.867;8.8;0.144;2.0;-1.0;110;1997
6;6T;Mario Elie;33;HOU;1.0;1.0;115;0.009;78;34.4;11.7;3.0;4.0;1.2;0.2;0.497;0.42;0.896;8.9;0.159;2.6;0.7;107;1997
7;6T;Rick Fox;27;BOS;1.0;1.0;115;0.009;76;34.9;15.4;5.2;3.8;2.2;0.5;0.456;0.363;0.787;5.2;0.094;1.9;0.7;109;1997
8;6T;Horace Grant;31;ORL;1.0;1.0;115;0.009;67;37.3;12.6;9.0;2.4;1.5;1.0;0.515;0.167;0.715;7.7;0.148;3.6;1.3;103;1997
9;6T;Shawn Kemp;27;SEA;1.0;1.0;115;0.009;81;34.0;18.7;10.0;1.9;1.5;1.0;0.51;0.364;0.742;10.0;0.174;5.4;0.3;99;1997
0;1;Dikembe Mutombo;31;ATL;39.0;39.0;116;0.336;82;35.6;13.4;11.4;1.0;0.4;3.4;0.537;;0.67;10.8;0.177;5.2;1.4;99;1998
1;2;Gary Payton;29;SEA;37.0;37.0;116;0.319;82;38.4;19.2;4.6;8.3;2.3;0.2;0.453;0.338;0.744;12.5;0.19;4.0;0.7;103;1998
2;3;David Robinson;32;SAS;10.0;10.0;116;0.086;73;33.7;21.6;10.6;2.7;0.9;2.6;0.511;0.25;0.735;13.8;0.269;6.0;2.9;94;1998
3;4;Michael Jordan;34;CHI;6.0;6.0;116;0.052;82;38.8;28.7;5.8;3.5;1.7;0.5;0.465;0.238;0.784;15.8;0.238;5.4;1.0;100;1998
4;5T;Mookie Blaylock;30;ATL;4.0;4.0;116;0.034;70;38.6;13.2;4.9;6.7;2.6;0.3;0.392;0.269;0.709;5.6;0.099;3.7;1.5;102;1998
5;5T;Tim Duncan;21;SAS;4.0;4.0;116;0.034;82;39.1;21.1;11.9;2.7;0.7;2.5;0.549;0.0;0.662;12.8;0.192;7.2;2.0;95;1998
6;5T;Bo Outlaw;26;ORL;4.0;4.0;116;0.034;82;36.0;9.5;7.8;2.6;1.3;2.2;0.554;0.25;0.575;7.6;0.124;4.5;2.7;101;1998
7;5T;Dennis Rodman;36;CHI;4.0;4.0;116;0.034;80;35.7;4.7;15.0;2.9;0.6;0.2;0.431;0.174;0.55;7.8;0.131;5.9;0.4;97;1998
8;9T;Anthony Mason;31;CHH;2.0;2.0;116;0.017;81;38.9;12.8;10.2;4.2;0.8;0.2;0.509;0.0;0.649;9.3;0.141;3.5;0.6;104;1998
9;9T;Scottie Pippen;32;CHI;2.0;2.0;116;0.017;44;37.5;19.1;5.2;5.8;1.8;1.0;0.447;0.318;0.777;6.6;0.193;3.0;1.6;99;1998
10;11T;Kevin Garnett;21;MIN;1.0;1.0;116;0.009;82;39.3;18.5;9.6;4.2;1.7;1.8;0.491;0.188;0.738;9.6;0.143;4.2;1.5;103;1998
11;11T;Kendall Gill;29;NJN;1.0;1.0;116;0.009;81;33.7;13.4;4.8;2.5;1.9;0.8;0.429;0.257;0.688;5.9;0.104;3.0;1.5;105;1998
12;11T;Horace Grant;32;ORL;1.0;1.0;116;0.009;76;36.9;12.1;8.1;2.3;1.1;1.0;0.459;0.0;0.678;7.1;0.122;3.6;0.8;103;1998
13;11T;Brevin Knight;22;CLE;1.0;1.0;116;0.009;80;31.0;9.0;3.2;8.2;2.5;0.2;0.441;0.0;0.801;8.4;0.163;4.9;3.1;97;1998
0;1;Alonzo Mourning;28;MIA;89.0;89.0;118;0.754;46;38.1;20.1;11.0;1.6;0.7;3.9;0.511;0.0;0.652;7.9;0.216;3.9;2.2;93;1999
1;2;Dikembe Mutombo;32;ATL;10.0;10.0;118;0.085;50;36.6;10.8;12.2;1.1;0.3;2.9;0.512;;0.684;7.9;0.206;4.2;2.5;92;1999
2;3;Gary Payton;30;SEA;6.0;6.0;118;0.051;50;40.2;21.7;4.9;8.7;2.2;0.2;0.434;0.295;0.721;7.2;0.172;1.2;0.0;106;1999
3;4;David Robinson;33;SAS;3.0;3.0;118;0.025;49;31.7;15.8;10.0;2.1;1.4;2.4;0.509;0.0;0.658;8.4;0.261;4.4;3.5;88;1999
4;5T;Tim Duncan;22;SAS;2.0;2.0;118;0.017;50;39.3;21.7;11.4;2.4;0.9;2.5;0.495;0.143;0.69;8.7;0.213;4.7;1.8;91;1999
5;5T;Theo Ratliff;25;PHI;2.0;2.0;118;0.017;50;32.5;11.2;8.1;0.6;0.9;3.0;0.47;;0.725;5.4;0.159;3.3;2.0;94;1999
6;7T;Michael Curry;30;MIL;1.0;1.0;118;0.008;50;22.9;4.9;2.2;1.6;0.8;0.1;0.437;0.067;0.797;1.7;0.07;0.8;0.7;105;1999
7;7T;Kevin Garnett;22;MIN;1.0;1.0;118;0.008;47;37.9;20.8;10.4;4.3;1.7;1.8;0.46;0.286;0.704;5.4;0.146;3.0;1.7;97;1999
8;7T;Eddie Jones;27;TOT;1.0;1.0;118;0.008;50;37.6;15.6;3.9;3.7;2.5;1.2;0.437;0.338;0.782;6.0;0.153;2.2;2.1;101;1999
9;7T;Hakeem Olajuwon;36;HOU;1.0;1.0;118;0.008;50;35.7;18.9;9.6;1.8;1.6;2.5;0.514;0.308;0.717;6.5;0.175;3.3;1.8;96;1999
10;7T;Scottie Pippen;33;HOU;1.0;1.0;118;0.008;50;40.2;14.5;6.5;5.9;2.0;0.7;0.432;0.34;0.721;4.9;0.116;2.3;1.1;101;1999
11;7T;Clifford Robinson;32;PHO;1.0;1.0;118;0.008;50;34.8;16.4;4.5;2.6;1.5;1.2;0.475;0.417;0.697;5.3;0.146;1.7;0.6;103;1999
0;1;Alonzo Mourning;29;MIA;62.0;62.0;121;0.512;79;34.8;21.7;9.5;1.6;0.5;3.7;0.551;0.0;0.711;12.9;0.226;5.6;2.2;96;2000
1;2;Shaquille O'Neal;27;LAL;21.0;21.0;121;0.174;79;40.0;29.7;13.6;3.8;0.5;3.0;0.574;0.0;0.524;18.6;0.283;7.0;2.0;95;2000
2;3T;Eddie Jones;28;CHH;11.0;11.0;121;0.091;72;39.0;20.1;4.8;4.2;2.7;0.7;0.427;0.375;0.864;10.1;0.172;4.4;2.0;100;2000
3;3T;Dikembe Mutombo;33;ATL;11.0;11.0;121;0.091;82;36.4;11.5;14.1;1.3;0.3;3.3;0.562;;0.708;9.9;0.16;4.3;1.5;101;2000
4;5T;Kobe Bryant;21;LAL;4.0;4.0;121;0.033;66;38.2;22.5;6.3;4.9;1.6;0.9;0.468;0.319;0.821;10.6;0.202;4.5;1.6;98;2000
5;5T;Gary Payton;31;SEA;4.0;4.0;121;0.033;82;41.8;24.2;6.5;8.9;1.9;0.2;0.448;0.34;0.735;13.9;0.195;3.5;0.7;104;2000
6;7;Kevin Garnett;23;MIN;2.0;2.0;121;0.017;81;40.0;22.9;11.8;5.0;1.5;1.6;0.497;0.37;0.765;11.6;0.172;5.6;1.7;99;2000
7;8T;Kendall Gill;31;NJN;1.0;1.0;121;0.008;76;31.0;13.1;3.7;2.8;1.8;0.5;0.414;0.256;0.71;3.7;0.076;2.1;0.7;105;2000
8;8T;Jason Kidd;26;PHO;1.0;1.0;121;0.008;67;39.0;14.3;7.2;10.1;2.0;0.4;0.409;0.337;0.829;8.5;0.156;4.8;2.0;98;2000
9;8T;Anthony Mason;33;CHH;1.0;1.0;121;0.008;82;38.2;11.6;8.5;4.5;0.9;0.4;0.48;0.0;0.746;8.9;0.136;3.9;0.7;102;2000
10;8T;Bo Outlaw;28;ORL;1.0;1.0;121;0.008;82;28.4;6.0;6.4;3.0;1.4;1.8;0.602;0.0;0.506;6.8;0.14;4.0;3.6;99;2000
11;8T;Scottie Pippen;34;POR;1.0;1.0;121;0.008;82;33.5;12.5;6.3;5.0;1.4;0.5;0.451;0.327;0.717;7.8;0.137;4.4;1.7;99;2000
12;8T;Clifford Robinson;33;PHO;1.0;1.0;121;0.008;80;35.5;18.5;4.5;2.8;1.1;0.8;0.464;0.37;0.782;9.6;0.162;3.9;0.4;101;2000
0;1;Dikembe Mutombo;34;TOT;48.0;48.0;123;0.39;75;34.5;10.0;13.5;1.0;0.4;2.7;0.484;;0.725;8.1;0.151;4.7;1.3;97;2001
1;2;Kevin Garnett;24;MIN;26.0;26.0;123;0.211;81;39.5;22.0;11.4;5.0;1.4;1.8;0.477;0.288;0.764;11.8;0.176;4.8;1.4;99;2001
2;3;Tim Duncan;24;SAS;14.0;14.0;123;0.114;82;38.7;22.2;12.2;3.0;0.9;2.3;0.499;0.259;0.618;13.2;0.2;7.1;1.8;94;2001
3;4;Doug Christie;30;SAC;9.0;9.0;123;0.073;81;36.3;12.3;4.4;3.6;2.3;0.6;0.395;0.376;0.897;8.7;0.141;4.4;2.3;99;2001
4;5T;David Robinson;35;SAS;6.0;6.0;123;0.049;80;29.6;14.4;8.6;1.5;1.0;2.5;0.486;0.0;0.747;12.1;0.246;5.7;2.7;92;2001
5;5T;Ben Wallace;26;DET;6.0;6.0;123;0.049;80;34.5;6.4;13.2;1.5;1.3;2.3;0.49;0.25;0.336;7.0;0.121;6.0;2.5;94;2001
6;7;Theo Ratliff;27;PHI;4.0;4.0;123;0.033;50;36.0;12.4;8.3;1.2;0.6;3.7;0.499;;0.76;5.2;0.138;3.5;2.7;96;2001
7;8T;Bruce Bowen;29;MIA;2.0;2.0;123;0.016;82;32.7;7.6;3.0;1.6;1.0;0.6;0.363;0.336;0.609;4.2;0.075;3.7;1.5;100;2001
8;8T;Anthony Mason;34;MIA;2.0;2.0;123;0.016;80;40.7;16.1;9.6;3.1;1.0;0.3;0.482;;0.781;11.6;0.171;5.6;1.1;98;2001
9;8T;Shaquille O'Neal;28;LAL;2.0;2.0;123;0.016;74;39.5;28.7;12.7;3.7;0.6;2.8;0.572;0.0;0.513;14.9;0.245;3.9;0.7;101;2001
10;11T;Kobe Bryant;22;LAL;1.0;1.0;123;0.008;68;40.9;28.5;5.9;5.0;1.7;0.6;0.464;0.305;0.853;11.3;0.196;2.2;-0.3;105;2001
11;11T;Allen Iverson;25;PHI;1.0;1.0;123;0.008;71;42.0;31.1;3.8;4.6;2.5;0.3;0.42;0.32;0.814;11.8;0.19;4.5;1.1;99;2001
12;11T;Jason Kidd;27;PHO;1.0;1.0;123;0.008;77;39.8;16.9;6.4;9.8;2.2;0.3;0.411;0.297;0.814;9.6;0.15;5.4;1.7;97;2001
13;11T;Shawn Marion;22;PHO;1.0;1.0;123;0.008;79;36.2;17.3;10.7;2.0;1.7;1.4;0.48;0.256;0.81;11.7;0.196;6.4;1.8;93;2001
0;1;Ben Wallace;27;DET;116.0;116.0;120;0.967;80;36.5;7.6;13.0;1.4;1.7;3.5;0.531;0.0;0.423;11.6;0.19;7.2;3.3;93;2002
1;2;Kevin Garnett;25;MIN;2.0;2.0;120;0.017;81;39.2;21.2;12.1;5.2;1.2;1.6;0.47;0.319;0.801;12.8;0.194;4.9;1.8;101;2002
2;3T;Kobe Bryant;23;LAL;1.0;1.0;120;0.008;80;38.3;25.2;5.5;5.5;1.5;0.4;0.469;0.25;0.829;12.7;0.199;3.8;0.3;103;2002
3;3T;Dikembe Mutombo;35;PHI;1.0;1.0;120;0.008;80;36.3;11.5;10.8;1.0;0.4;2.4;0.501;;0.764;9.6;0.158;5.5;1.2;98;2002
0;1;Ben Wallace;28;DET;100.0;531.0;585;0.908;73;39.4;6.9;15.4;1.6;1.4;3.2;0.481;0.167;0.45;10.6;0.176;7.9;3.5;90;2003
1;2;Metta World Peace;23;IND;2.0;122.0;585;0.209;69;33.6;15.5;5.2;2.9;2.3;0.7;0.428;0.336;0.736;7.2;0.15;4.1;2.3;98;2003
2;3;Kevin Garnett;26;MIN;8.0;121.0;585;0.207;82;40.5;23.0;13.4;6.0;1.4;1.6;0.502;0.282;0.751;15.6;0.225;5.8;2.4;98;2003
3;4;Tim Duncan;26;SAS;2.0;90.0;585;0.154;81;39.3;23.3;12.9;3.9;0.7;2.9;0.513;0.273;0.71;16.5;0.248;6.9;2.5;94;2003
4;5;Doug Christie;32;SAC;5.0;85.0;585;0.145;80;33.9;9.4;4.3;4.7;2.3;0.5;0.479;0.395;0.81;8.9;0.157;4.7;3.2;98;2003
5;6;Allen Iverson;27;PHI;0.0;29.0;585;0.05;82;42.5;27.6;4.2;5.5;2.7;0.2;0.414;0.277;0.774;9.2;0.127;4.2;0.2;102;2003
6;7;Bruce Bowen;31;SAS;0.0;20.0;585;0.034;82;31.3;7.1;2.9;1.4;0.8;0.5;0.466;0.441;0.404;5.1;0.096;2.7;1.0;103;2003
7;8;Kobe Bryant;24;LAL;0.0;16.0;585;0.027;82;41.5;30.0;6.9;5.9;2.2;0.8;0.451;0.383;0.843;14.9;0.21;4.0;0.7;103;2003
8;9;Theo Ratliff;29;ATL;0.0;15.0;585;0.026;81;31.1;8.7;7.5;0.9;0.7;3.2;0.464;;0.72;4.0;0.077;3.4;1.8;101;2003
9;10;Eric Snow;29;PHI;0.0;6.0;585;0.01;82;37.9;12.9;3.7;6.6;1.6;0.1;0.452;0.219;0.858;8.4;0.13;2.7;0.3;105;2003
10;11;Gary Payton;34;TOT;0.0;5.0;585;0.009;80;40.1;20.4;4.2;8.3;1.7;0.3;0.454;0.297;0.71;9.1;0.136;2.1;-0.6;107;2003
11;12;Kenyon Martin;25;NJN;0.0;4.0;585;0.007;77;34.1;16.7;8.3;2.4;1.3;0.9;0.47;0.209;0.653;7.1;0.129;5.3;1.2;96;2003
12;13T;Adonal Foyle;27;GSW;0.0;3.0;585;0.005;82;21.8;5.4;6.0;0.5;0.5;2.5;0.536;0.0;0.673;4.0;0.106;1.7;1.7;104;2003
13;13T;Shawn Marion;24;PHO;0.0;3.0;585;0.005;81;41.6;21.2;9.5;2.4;2.3;1.2;0.452;0.387;0.851;13.0;0.186;5.8;1.7;98;2003
14;13T;Shaquille O'Neal;30;LAL;0.0;3.0;585;0.005;67;37.8;27.5;11.1;3.1;0.6;2.4;0.574;;0.622;13.2;0.25;3.0;0.1;102;2003
0;1;Metta World Peace;24;IND;80.0;476.0;605;0.787;73;37.2;18.3;5.3;3.7;2.1;0.7;0.421;0.31;0.733;8.0;0.141;5.2;1.9;96;2004
1;2;Ben Wallace;29;DET;26.0;325.0;605;0.537;81;37.7;9.5;12.4;1.7;1.8;3.0;0.421;0.125;0.49;10.2;0.16;9.1;3.3;87;2004
2;3;Theo Ratliff;30;TOT;8.0;90.0;605;0.149;85;31.3;7.9;7.2;0.8;0.6;3.6;0.485;;0.645;5.2;0.094;3.4;2.3;101;2004
3;4;Bruce Bowen;32;SAS;4.0;76.0;605;0.126;82;32.0;6.9;3.1;1.4;1.0;0.4;0.42;0.363;0.579;5.4;0.098;4.6;2.2;97;2004
4;5;Andrei Kirilenko;22;UTA;2.0;67.0;605;0.111;78;37.1;16.5;8.1;3.1;1.9;2.8;0.443;0.338;0.79;11.6;0.192;5.0;2.9;97;2004
5;6;Kevin Garnett;27;MIN;0.0;36.0;605;0.06;82;39.4;24.2;13.9;5.0;1.5;2.2;0.499;0.256;0.791;18.3;0.272;8.0;3.3;92;2004
6;7;Tim Duncan;27;SAS;0.0;8.0;605;0.013;69;36.6;22.3;12.4;3.1;0.9;2.7;0.501;0.167;0.599;13.1;0.249;7.2;3.3;89;2004
7;8;Clifford Robinson;37;GSW;1.0;5.0;605;0.008;82;34.7;11.8;3.9;3.3;0.8;0.9;0.387;0.357;0.711;2.0;0.033;2.1;0.0;105;2004
8;9;Kenyon Martin;26;NJN;0.0;2.0;605;0.003;65;34.6;16.7;9.5;2.5;1.5;1.3;0.488;0.28;0.684;6.7;0.142;5.1;1.8;93;2004
9;10T;Kobe Bryant;25;LAL;0.0;1.0;605;0.002;65;37.6;24.0;5.5;5.1;1.7;0.4;0.438;0.327;0.852;10.7;0.21;3.0;0.5;102;2004
10;10T;Shaquille O'Neal;31;LAL;0.0;1.0;605;0.002;67;36.8;21.5;11.5;2.9;0.5;2.5;0.584;;0.49;9.9;0.192;4.0;1.0;98;2004
11;10T;James Posey;27;MEM;0.0;1.0;605;0.002;82;29.9;13.7;4.9;1.5;1.7;0.5;0.478;0.386;0.83;10.0;0.195;3.2;1.4;101;2004
12;10T;Earl Watson;24;MEM;0.0;1.0;605;0.002;81;20.6;5.7;2.2;5.0;1.1;0.2;0.371;0.245;0.652;1.8;0.052;1.7;0.3;103;2004
0;1;Ben Wallace;30;DET;45.0;339.0;625;0.542;74;36.1;9.7;12.2;1.7;1.4;2.4;0.453;0.111;0.428;8.5;0.153;6.7;2.6;94;2005
1;2;Bruce Bowen;33;SAS;33.0;247.0;625;0.395;82;32.0;8.2;3.5;1.5;0.7;0.5;0.42;0.403;0.634;6.1;0.111;4.0;1.2;102;2005
2;3;Marcus Camby;30;DEN;19.0;168.0;625;0.269;66;30.5;10.3;10.0;2.3;0.9;3.0;0.465;0.0;0.723;5.8;0.138;4.5;3.3;96;2005
3;4;Tim Duncan;28;SAS;6.0;81.0;625;0.13;66;33.4;20.3;11.1;2.7;0.7;2.6;0.496;0.333;0.67;11.2;0.245;5.7;2.8;93;2005
4;5;Shawn Marion;26;PHO;5.0;57.0;625;0.091;81;38.8;19.4;11.3;1.9;2.0;1.5;0.476;0.334;0.833;12.5;0.191;5.2;1.3;101;2005
5;6;Larry Hughes;26;WAS;3.0;53.0;625;0.085;61;38.7;22.0;6.3;4.7;2.9;0.3;0.43;0.282;0.777;7.7;0.157;3.1;1.9;104;2005
6;7;Tayshaun Prince;24;DET;6.0;46.0;625;0.074;82;37.1;14.7;5.3;3.0;0.7;0.9;0.487;0.341;0.807;9.4;0.149;4.0;0.7;104;2005
7;8;Shaquille O'Neal;32;MIA;3.0;32.0;625;0.051;73;34.1;22.9;10.4;2.7;0.5;2.3;0.601;;0.461;11.0;0.211;4.6;1.2;100;2005
8;9;Kevin Garnett;28;MIN;4.0;30.0;625;0.048;82;38.1;22.2;13.5;5.7;1.5;1.4;0.502;0.24;0.811;16.1;0.248;6.0;3.0;99;2005
9;10;Andrei Kirilenko;23;UTA;1.0;25.0;625;0.04;41;32.9;15.6;6.2;3.2;1.6;3.3;0.493;0.299;0.784;5.5;0.197;2.0;3.7;102;2005
10;11;Allen Iverson;29;PHI;0.0;10.0;625;0.016;75;42.3;30.7;4.0;7.9;2.4;0.1;0.424;0.308;0.835;9.0;0.136;3.7;0.0;105;2005
11;12T;Kirk Hinrich;24;CHI;0.0;6.0;625;0.01;77;36.4;15.7;3.9;6.4;1.6;0.3;0.397;0.355;0.792;7.2;0.124;4.7;1.6;101;2005
12;12T;Joel Przybilla;25;POR;0.0;6.0;625;0.01;76;24.4;6.4;7.7;1.0;0.3;2.1;0.598;;0.517;4.7;0.121;2.7;1.4;103;2005
13;14T;Trenton Hassell;25;MIN;0.0;4.0;625;0.006;82;25.2;6.6;2.7;1.6;0.4;0.4;0.474;0.091;0.789;2.7;0.063;1.0;-0.4;111;2005
14;14T;Andre Iguodala;21;PHI;0.0;4.0;625;0.006;82;32.8;9.0;5.7;3.0;1.7;0.6;0.493;0.331;0.743;6.6;0.118;4.0;2.1;102;2005
15;16T;Rasheed Wallace;30;DET;0.0;3.0;625;0.005;79;34.0;14.5;8.2;1.8;0.8;1.5;0.44;0.318;0.697;7.1;0.127;5.1;1.2;99;2005
16;16T;David Wesley;34;TOT;0.0;3.0;625;0.005;80;34.7;11.9;2.9;3.3;1.2;0.1;0.398;0.375;0.857;5.2;0.089;2.8;0.6;106;2005
17;18T;Tyson Chandler;22;CHI;0.0;2.0;625;0.003;80;27.4;8.0;9.7;0.8;0.9;1.8;0.494;0.0;0.673;8.3;0.183;5.5;2.7;94;2005
18;18T;Manu Ginóbili;27;SAS;0.0;2.0;625;0.003;74;29.6;16.0;4.4;3.9;1.6;0.4;0.471;0.376;0.803;11.0;0.24;4.6;2.8;98;2005
19;18T;Josh Howard;24;DAL;0.0;2.0;625;0.003;76;32.2;12.6;6.4;1.4;1.5;0.6;0.475;0.296;0.733;6.4;0.126;3.4;0.8;103;2005
20;21T;Shane Battier;26;MEM;0.0;1.0;625;0.002;80;31.5;9.9;5.2;1.6;1.1;1.0;0.442;0.395;0.789;7.8;0.149;3.4;1.3;103;2005
21;21T;Dwight Howard;19;ORL;0.0;1.0;625;0.002;82;32.6;12.0;10.0;0.9;0.9;1.7;0.52;0.0;0.671;7.3;0.131;3.5;-0.1;104;2005
22;21T;Andrés Nocioni;25;CHI;0.0;1.0;625;0.002;81;23.4;8.4;4.8;1.5;0.5;0.4;0.401;0.258;0.766;2.5;0.062;3.3;1.1;100;2005
23;21T;Emeka Okafor;22;CHA;0.0;1.0;625;0.002;73;35.6;15.1;10.9;0.9;0.8;1.7;0.447;0.0;0.609;4.0;0.074;3.1;-1.3;105;2005
24;21T;Dwyane Wade;23;MIA;0.0;1.0;625;0.002;77;38.6;24.1;5.2;6.8;1.6;1.1;0.478;0.289;0.762;11.0;0.177;4.3;0.7;103;2005
0;1;Ben Wallace;31;DET;58.0;420.0;620;0.677;82;35.2;7.3;11.3;1.9;1.8;2.2;0.51;0.0;0.416;10.1;0.168;6.9;3.1;95;2006
1;2;Bruce Bowen;34;SAS;38.0;308.0;620;0.497;82;33.6;7.5;3.9;1.5;1.0;0.4;0.433;0.424;0.607;6.2;0.108;4.5;2.0;101;2006
2;3;Andrei Kirilenko;24;UTA;12.0;121.0;620;0.195;69;37.7;15.3;8.0;4.3;1.5;3.2;0.46;0.308;0.699;7.9;0.145;4.3;3.1;101;2006
3;4;Metta World Peace;26;TOT;6.0;65.0;620;0.105;56;39.4;17.6;5.1;3.6;2.2;0.7;0.404;0.308;0.675;3.7;0.081;3.2;1.3;103;2006
4;5;Marcus Camby;31;DEN;3.0;55.0;620;0.089;56;33.2;12.8;11.9;2.1;1.4;3.3;0.465;0.091;0.712;5.5;0.141;4.5;3.3;95;2006
5;6;Tim Duncan;29;SAS;3.0;42.0;620;0.068;80;34.8;18.6;11.0;3.2;0.9;2.0;0.484;0.4;0.629;10.8;0.187;6.9;2.6;94;2006
6;7;Shawn Marion;27;PHO;0.0;33.0;620;0.053;81;40.3;21.8;11.8;1.8;2.0;1.7;0.525;0.331;0.809;14.6;0.214;5.9;1.3;100;2006
7;8;Alonzo Mourning;35;MIA;4.0;29.0;620;0.047;65;20.0;7.8;5.5;0.2;0.2;2.7;0.597;0.0;0.594;4.8;0.176;2.6;2.5;98;2006
8;9;Gerald Wallace;23;CHA;0.0;27.0;620;0.044;55;34.5;15.2;7.5;1.7;2.5;2.1;0.538;0.28;0.614;6.4;0.163;3.4;2.9;100;2006
9;10T;Shane Battier;27;MEM;0.0;3.0;620;0.005;81;35.0;10.1;5.3;1.7;1.1;1.4;0.488;0.394;0.707;9.1;0.153;4.5;1.8;102;2006
10;10T;Elton Brand;26;LAC;0.0;3.0;620;0.005;79;39.2;24.7;10.0;2.6;1.0;2.5;0.527;0.333;0.775;14.8;0.229;5.5;1.6;100;2006
11;12;Andre Iguodala;22;PHI;0.0;2.0;620;0.003;82;37.6;12.3;5.9;3.1;1.6;0.3;0.5;0.354;0.754;7.5;0.116;2.6;0.4;108;2006
12;13T;Raja Bell;29;PHO;0.0;1.0;620;0.002;79;37.5;14.7;3.2;2.6;1.0;0.3;0.457;0.442;0.788;6.8;0.11;2.1;0.1;109;2006
13;13T;P.J. Brown;36;NOK;0.0;1.0;620;0.002;75;31.7;9.0;7.3;1.2;0.6;0.7;0.461;;0.827;4.4;0.088;2.3;-0.2;107;2006
14;13T;Kevin Garnett;29;MIN;0.0;1.0;620;0.002;76;38.9;21.8;12.7;4.1;1.4;1.4;0.526;0.267;0.81;14.9;0.242;5.9;2.2;98;2006
15;13T;Eddie Jones;34;MEM;0.0;1.0;620;0.002;75;32.5;11.8;3.7;2.4;1.7;0.4;0.404;0.356;0.781;7.2;0.141;4.2;2.3;100;2006
16;13T;Andrés Nocioni;26;CHI;0.0;1.0;620;0.002;82;27.3;13.0;6.1;1.4;0.5;0.6;0.461;0.391;0.843;6.7;0.144;3.4;0.9;102;2006
17;13T;James Posey;29;MIA;0.0;1.0;620;0.002;67;28.6;7.2;4.8;1.3;0.8;0.3;0.403;0.403;0.787;4.2;0.104;2.4;1.0;105;2006
18;13T;Tayshaun Prince;25;DET;0.0;1.0;620;0.002;82;35.3;14.1;4.2;2.3;0.8;0.5;0.455;0.35;0.765;7.0;0.115;3.0;-0.2;106;2006
19;13T;Rasheed Wallace;31;DET;0.0;1.0;620;0.002;80;34.8;15.1;6.8;2.3;1.0;1.6;0.43;0.357;0.743;8.9;0.154;4.9;1.9;100;2006
0;1;Marcus Camby;32;DEN;70.0;431.0;650;0.663;70;33.8;11.2;11.7;3.2;1.2;3.3;0.473;0.0;0.729;7.6;0.155;5.1;3.9;97;2007
1;2;Bruce Bowen;35;SAS;22.0;206.0;650;0.317;82;30.0;6.2;2.7;1.4;0.8;0.3;0.405;0.384;0.589;4.1;0.079;3.6;1.4;103;2007
2;3;Tim Duncan;30;SAS;15.0;158.0;650;0.243;80;34.1;20.0;10.6;3.4;0.8;2.4;0.546;0.111;0.637;13.0;0.23;6.8;3.2;94;2007
3;4;Shawn Marion;28;PHO;7.0;93.0;650;0.143;80;37.6;17.5;9.8;1.7;2.0;1.5;0.524;0.317;0.81;12.0;0.191;5.3;1.9;100;2007
4;5;Shane Battier;28;HOU;7.0;86.0;650;0.132;82;36.4;10.1;4.1;2.1;1.0;0.7;0.446;0.421;0.779;9.0;0.144;4.6;2.0;102;2007
5;6;Ben Wallace;32;CHI;1.0;42.0;650;0.065;77;35.0;6.4;10.7;2.4;1.4;2.0;0.453;0.2;0.408;8.2;0.146;6.6;3.3;95;2007
6;7;Gerald Wallace;24;CHA;3.0;27.0;650;0.042;72;36.7;18.1;7.2;2.6;2.0;1.0;0.502;0.325;0.691;7.7;0.141;3.5;1.5;104;2007
7;8;Metta World Peace;27;SAC;1.0;20.0;650;0.031;70;37.7;18.8;6.5;3.4;2.1;0.6;0.44;0.358;0.74;6.7;0.122;3.1;0.9;105;2007
8;9;Tyson Chandler;24;NOK;0.0;15.0;650;0.023;73;34.6;9.5;12.4;0.9;0.5;1.8;0.624;0.0;0.527;7.9;0.15;3.8;0.7;103;2007
9;10;Jermaine O'Neal;28;IND;1.0;11.0;650;0.017;69;35.6;19.4;9.6;2.4;0.7;2.6;0.436;0.0;0.767;4.7;0.091;4.1;1.2;101;2007
10;11T;Emeka Okafor;24;CHA;0.0;10.0;650;0.015;67;34.8;14.4;11.3;1.2;0.9;2.6;0.532;;0.593;7.1;0.147;3.6;0.9;102;2007
11;11T;Tayshaun Prince;26;DET;0.0;10.0;650;0.015;82;36.6;14.3;5.2;2.8;0.6;0.7;0.46;0.386;0.768;8.0;0.128;2.9;-0.4;107;2007
12;13T;Kevin Garnett;30;MIN;0.0;7.0;650;0.011;76;39.4;22.4;12.8;4.1;1.2;1.7;0.476;0.214;0.835;10.7;0.171;4.9;1.7;101;2007
13;13T;Kirk Hinrich;26;CHI;0.0;7.0;650;0.011;80;35.5;16.6;3.4;6.3;1.3;0.3;0.448;0.415;0.835;10.1;0.171;4.6;1.1;102;2007
14;13T;Andrei Kirilenko;25;UTA;0.0;7.0;650;0.011;70;29.3;8.3;4.7;2.9;1.1;2.1;0.471;0.213;0.728;4.4;0.104;2.9;3.1;103;2007
15;16T;Dwight Howard;21;ORL;1.0;6.0;650;0.009;82;36.9;17.6;12.3;1.9;0.9;1.9;0.603;0.5;0.586;9.7;0.154;5.8;1.1;99;2007
16;16T;Quinton Ross;25;LAC;1.0;6.0;650;0.009;81;21.0;5.2;2.3;1.1;0.9;0.4;0.467;0.2;0.782;3.2;0.09;1.8;1.4;106;2007
17;18T;Udonis Haslem;26;MIA;1.0;5.0;650;0.008;79;31.4;10.7;8.3;1.2;0.6;0.3;0.492;0.0;0.68;5.1;0.099;3.1;-0.8;105;2007
18;18T;Josh Howard;26;DAL;0.0;5.0;650;0.008;70;35.1;18.9;6.8;1.8;1.2;0.8;0.459;0.385;0.827;8.8;0.173;3.8;0.4;102;2007
19;20;Luol Deng;21;CHI;0.0;4.0;650;0.006;82;37.5;18.8;7.1;2.5;1.2;0.6;0.517;0.143;0.777;11.3;0.176;5.6;1.3;100;2007
20;21T;Caron Butler;26;WAS;0.0;3.0;650;0.005;63;39.3;19.1;7.4;3.7;2.1;0.3;0.463;0.25;0.863;5.3;0.103;1.9;-0.2;109;2007
21;21T;Josh Smith;21;ATL;0.0;3.0;650;0.005;72;36.8;16.4;8.6;3.3;1.4;2.9;0.439;0.25;0.693;4.4;0.079;4.0;1.7;102;2007
22;23;Raja Bell;30;PHO;0.0;2.0;650;0.003;78;37.4;14.7;3.2;2.5;0.6;0.3;0.432;0.413;0.776;5.8;0.095;1.6;-0.6;110;2007
23;24T;Kobe Bryant;28;LAL;0.0;1.0;650;0.002;77;40.8;31.6;5.7;5.4;1.4;0.5;0.463;0.344;0.868;13.0;0.199;2.2;-0.5;109;2007
24;24T;Devin Harris;23;DAL;0.0;1.0;650;0.002;80;26.0;10.2;2.5;3.7;1.2;0.3;0.492;0.28;0.824;6.5;0.151;2.9;1.6;104;2007
25;24T;Andre Iguodala;23;PHI;0.0;1.0;650;0.002;76;40.3;18.2;5.7;5.7;2.0;0.4;0.447;0.31;0.82;7.7;0.12;3.6;1.1;105;2007
26;24T;Yao Ming;26;HOU;0.0;1.0;650;0.002;48;33.8;25.0;9.4;2.0;0.4;2.0;0.516;0.0;0.862;7.4;0.22;3.4;1.9;98;2007
27;24T;Alonzo Mourning;36;MIA;0.0;1.0;650;0.002;77;20.4;8.6;4.5;0.2;0.2;2.3;0.56;;0.601;3.5;0.107;2.5;1.2;102;2007
28;24T;Anthony Parker;31;TOR;0.0;1.0;650;0.002;73;33.4;12.4;3.9;2.1;1.0;0.2;0.477;0.441;0.835;6.5;0.127;2.1;0.4;108;2007
0;1;Kevin Garnett;31;BOS;90.0;493.0;620;0.795;71;32.8;18.8;9.2;3.4;1.4;1.3;0.539;0.0;0.801;12.9;0.265;6.2;3.5;94;2008
1;2;Marcus Camby;33;DEN;12.0;178.0;620;0.287;79;34.9;9.1;13.1;3.3;1.1;3.6;0.45;0.3;0.708;8.5;0.148;5.9;3.3;98;2008
2;3;Shane Battier;29;HOU;11.0;175.0;620;0.282;80;36.3;9.3;5.1;1.9;1.0;1.1;0.428;0.377;0.743;8.2;0.135;4.6;1.9;103;2008
3;4;Bruce Bowen;36;SAS;7.0;80.0;620;0.129;81;30.2;6.0;2.9;1.1;0.7;0.3;0.407;0.419;0.652;4.4;0.085;3.4;1.5;105;2008
4;5;Kobe Bryant;29;LAL;0.0;40.0;620;0.065;82;38.9;28.3;6.3;5.4;1.8;0.5;0.459;0.361;0.84;13.8;0.208;4.3;0.6;105;2008
5;6;Josh Smith;22;ATL;1.0;34.0;620;0.055;81;35.5;17.2;8.2;3.4;1.5;2.8;0.457;0.253;0.71;5.8;0.097;4.6;2.5;103;2008
6;7T;Dwight Howard;22;ORL;1.0;24.0;620;0.039;82;37.7;20.7;14.2;1.3;0.9;2.1;0.599;0.0;0.59;12.9;0.2;6.4;1.2;99;2008
7;7T;Chris Paul;22;NOH;1.0;24.0;620;0.039;80;37.6;21.1;4.0;11.6;2.7;0.1;0.488;0.369;0.851;17.8;0.284;4.6;3.2;103;2008
8;9;Tim Duncan;31;SAS;0.0;22.0;620;0.035;78;34.0;19.3;11.3;2.8;0.7;1.9;0.497;0.0;0.73;11.1;0.201;6.2;2.2;97;2008
9;10;Tayshaun Prince;27;DET;0.0;13.0;620;0.021;82;32.9;13.2;4.9;3.3;0.5;0.4;0.448;0.363;0.768;7.5;0.133;3.2;-0.1;106;2008
10;11;Tyson Chandler;25;NOH;1.0;10.0;620;0.016;79;35.2;11.8;11.7;1.0;0.6;1.1;0.623;0.0;0.593;10.0;0.172;4.1;-0.2;104;2008
11;12;Rasheed Wallace;33;DET;0.0;9.0;620;0.015;77;30.5;12.7;6.6;1.8;1.2;1.7;0.432;0.356;0.767;7.6;0.155;5.1;2.6;98;2008
12;13T;Raja Bell;31;PHO;0.0;3.0;620;0.005;75;35.3;11.9;3.7;2.2;0.7;0.4;0.421;0.401;0.868;4.5;0.082;1.5;-0.5;111;2008
13;13T;Samuel Dalembert;26;PHI;0.0;3.0;620;0.005;82;33.2;10.5;10.4;0.5;0.5;2.3;0.513;0.0;0.707;6.9;0.121;4.3;0.5;103;2008
14;13T;Richard Hamilton;29;DET;0.0;3.0;620;0.005;72;33.7;17.3;3.3;4.2;1.0;0.1;0.484;0.44;0.833;7.7;0.152;2.9;0.1;106;2008
15;16T;Chauncey Billups;31;DET;0.0;1.0;620;0.002;78;32.3;17.0;2.7;6.8;1.3;0.2;0.448;0.401;0.918;13.5;0.257;3.4;1.2;105;2008
16;16T;Andrei Kirilenko;26;UTA;0.0;1.0;620;0.002;72;30.8;11.0;4.7;4.0;1.2;1.5;0.506;0.379;0.77;7.1;0.154;2.8;2.0;105;2008
17;16T;Kyle Lowry;21;MEM;0.0;1.0;620;0.002;82;25.5;9.6;3.0;3.6;1.1;0.3;0.432;0.257;0.698;3.4;0.078;1.3;0.3;111;2008
18;16T;Rajon Rondo;21;BOS;0.0;1.0;620;0.002;77;29.9;10.6;4.2;5.1;1.7;0.2;0.492;0.263;0.611;7.2;0.15;4.9;2.6;98;2008
19;16T;Metta World Peace;28;SAC;0.0;1.0;620;0.002;57;38.1;20.5;5.8;3.5;2.3;0.7;0.453;0.38;0.719;4.7;0.103;2.2;0.7;108;2008
0;1;Dwight Howard;23;ORL;105.0;542.0;595;0.911;79;35.7;20.6;13.8;1.4;1.0;2.9;0.572;0.0;0.594;13.8;0.234;7.6;2.4;95;2009
1;2;LeBron James;24;CLE;4.0;148.0;595;0.249;81;37.7;28.4;7.6;7.2;1.7;1.1;0.489;0.344;0.78;20.3;0.318;6.5;3.7;99;2009
2;3;Dwyane Wade;27;MIA;3.0;90.0;595;0.151;79;38.6;30.2;5.0;7.5;2.2;1.3;0.491;0.317;0.765;14.7;0.232;4.4;2.4;105;2009
3;4;Shane Battier;30;HOU;2.0;71.0;595;0.119;60;33.9;7.3;4.8;2.3;0.8;0.9;0.41;0.384;0.821;5.2;0.123;2.9;1.9;105;2009
4;5;Metta World Peace;29;HOU;1.0;54.0;595;0.091;69;35.5;17.1;5.2;3.3;1.5;0.3;0.401;0.399;0.748;5.5;0.108;4.0;1.2;103;2009
5;6;Chris Paul;23;NOH;1.0;49.0;595;0.082;78;38.5;22.8;5.5;11.0;2.8;0.1;0.503;0.364;0.868;18.3;0.292;5.0;3.8;103;2009
6;7;Kobe Bryant;30;LAL;2.0;43.0;595;0.072;82;36.1;26.8;5.2;4.9;1.5;0.5;0.467;0.351;0.856;12.7;0.206;4.0;0.3;106;2009
7;8;Kevin Garnett;32;BOS;1.0;31.0;595;0.052;57;31.1;15.8;8.5;2.5;1.1;1.2;0.531;0.25;0.841;7.1;0.193;4.1;3.0;98;2009
8;9;Chris Andersen;30;DEN;0.0;10.0;595;0.017;71;20.6;6.4;6.2;0.4;0.6;2.5;0.548;0.2;0.718;5.4;0.176;2.8;2.4;101;2009
9;10;Rajon Rondo;22;BOS;0.0;8.0;595;0.013;80;33.0;11.9;5.2;8.2;1.9;0.1;0.505;0.313;0.642;9.9;0.179;5.1;2.1;101;2009
10;11;Tim Duncan;32;SAS;0.0;7.0;595;0.012;75;33.7;19.3;10.7;3.5;0.5;1.7;0.504;0.0;0.692;10.1;0.191;5.0;2.0;100;2009
11;12;Raja Bell;32;TOT;0.0;4.0;595;0.007;67;34.6;11.9;3.6;2.1;0.7;0.1;0.437;0.421;0.853;3.6;0.074;1.6;-0.4;111;2009
12;13T;Andre Iguodala;25;PHI;0.0;3.0;595;0.005;82;39.9;18.8;5.7;5.3;1.6;0.4;0.473;0.307;0.724;9.2;0.134;3.5;0.6;108;2009
13;13T;Anderson Varejão;26;CLE;0.0;3.0;595;0.005;81;28.5;8.6;7.2;1.0;0.9;0.8;0.536;0.0;0.616;8.0;0.166;4.7;1.6;100;2009
14;15;Ronny Turiaf;26;GSW;0.0;2.0;595;0.003;79;21.5;5.9;4.6;2.1;0.4;2.1;0.508;0.0;0.79;3.6;0.101;1.4;2.3;110;2009
15;16T;Trevor Ariza;23;LAL;0.0;1.0;595;0.002;82;24.4;8.9;4.3;1.8;1.7;0.3;0.46;0.319;0.71;6.1;0.146;3.5;2.2;102;2009
16;16T;Marcus Camby;34;LAC;0.0;1.0;595;0.002;62;31.0;10.3;11.1;2.0;0.8;2.1;0.512;0.25;0.725;5.2;0.129;2.9;1.8;104;2009
17;16T;Grant Hill;36;PHO;0.0;1.0;595;0.002;82;29.8;12.0;4.9;2.3;1.1;0.7;0.523;0.316;0.808;5.3;0.104;1.9;0.4;111;2009
18;16T;Joel Przybilla;29;POR;0.0;1.0;595;0.002;82;23.8;5.5;8.7;0.3;0.4;1.2;0.625;0.0;0.663;6.6;0.163;3.4;1.2;102;2009
19;16T;Josh Smith;23;ATL;0.0;1.0;595;0.002;69;35.1;15.6;7.2;2.4;1.4;1.6;0.492;0.299;0.588;4.9;0.097;3.6;1.4;104;2009
20;16T;Hedo Türkoğlu;29;ORL;0.0;1.0;595;0.002;77;36.6;16.8;5.3;4.9;0.8;0.2;0.413;0.356;0.807;7.3;0.125;4.4;0.7;104;2009
0;1;Dwight Howard;24;ORL;110.0;576.0;610;0.944;82;34.7;18.3;13.2;1.8;0.9;2.8;0.612;0.0;0.592;13.2;0.223;7.1;2.8;95;2010
1;2;Josh Smith;24;ATL;3.0;136.0;610;0.223;81;35.4;15.7;8.7;4.2;1.6;2.1;0.505;0.0;0.618;9.3;0.155;5.1;2.7;101;2010
2;3;Gerald Wallace;27;CHA;1.0;113.0;610;0.185;76;41.0;18.2;10.0;2.1;1.5;1.1;0.484;0.371;0.776;11.5;0.177;6.2;1.7;100;2010
3;4;LeBron James;25;CLE;4.0;61.0;610;0.1;76;39.0;29.7;7.3;8.6;1.6;1.0;0.503;0.333;0.767;18.5;0.299;5.2;2.8;102;2010
4;5;Rajon Rondo;23;BOS;1.0;55.0;610;0.09;81;36.6;13.7;4.4;9.8;2.3;0.1;0.508;0.213;0.621;9.6;0.156;4.7;1.4;103;2010
5;6;Metta World Peace;30;LAL;0.0;29.0;610;0.048;77;33.8;11.0;4.3;3.0;1.4;0.3;0.414;0.355;0.688;5.3;0.098;3.5;1.1;105;2010
6;7;Andrew Bogut;25;MIL;1.0;23.0;610;0.038;69;32.3;15.9;10.2;1.8;0.6;2.5;0.52;0.0;0.629;7.5;0.161;4.8;2.2;98;2010
7;8;Thabo Sefolosha;25;OKC;2.0;20.0;610;0.033;82;28.6;6.0;4.7;1.8;1.2;0.6;0.44;0.313;0.674;4.0;0.082;3.4;2.0;104;2010
8;9;Anderson Varejão;27;CLE;0.0;18.0;610;0.03;76;28.5;8.6;7.6;1.1;0.9;0.9;0.572;0.2;0.663;8.1;0.179;3.8;1.2;102;2010
9;10T;Marcus Camby;35;TOT;0.0;13.0;610;0.021;74;31.3;7.5;11.8;2.5;1.3;2.0;0.475;0.286;0.639;6.8;0.142;4.3;2.6;101;2010
10;10T;Dwyane Wade;28;MIA;0.0;13.0;610;0.021;77;36.3;26.6;4.8;6.5;1.8;1.1;0.476;0.3;0.761;13.0;0.224;4.6;2.1;103;2010
11;12;Kobe Bryant;31;LAL;0.0;9.0;610;0.015;73;38.8;27.0;5.4;5.0;1.5;0.3;0.456;0.329;0.811;9.4;0.16;4.0;0.2;104;2010
12;13;Shawn Marion;31;DAL;0.0;8.0;610;0.013;75;31.8;12.0;6.4;1.4;0.9;0.8;0.508;0.158;0.755;5.0;0.1;2.8;0.1;106;2010
13;14;Tim Duncan;33;SAS;0.0;7.0;610;0.011;78;31.3;17.9;10.1;3.2;0.6;1.5;0.518;0.182;0.725;10.9;0.215;4.5;1.8;101;2010
14;15;Shane Battier;31;HOU;0.0;5.0;610;0.008;67;32.4;8.0;4.7;2.4;0.8;1.1;0.398;0.362;0.726;4.3;0.095;2.1;1.4;108;2010
15;16;Andrei Kirilenko;28;UTA;0.0;4.0;610;0.007;58;29.0;11.9;4.6;2.7;1.4;1.2;0.506;0.292;0.744;6.0;0.171;2.7;2.4;103;2010
16;17T;Arron Afflalo;24;DEN;0.0;1.0;610;0.002;82;27.1;8.8;3.1;1.7;0.6;0.4;0.465;0.434;0.735;4.3;0.092;1.4;-0.2;111;2010
17;17T;Matt Barnes;29;ORL;0.0;1.0;610;0.002;81;25.9;8.8;5.5;1.7;0.7;0.4;0.487;0.319;0.74;5.9;0.135;3.4;1.3;103;2010
18;17T;Brendan Haywood;30;TOT;0.0;1.0;610;0.002;77;30.6;9.1;9.3;0.6;0.3;2.1;0.562;0.0;0.62;6.7;0.137;3.0;0.2;106;2010
19;17T;David Lee;26;NYK;0.0;1.0;610;0.002;81;37.3;20.2;11.7;3.6;1.0;0.5;0.545;0.0;0.812;10.3;0.163;2.9;0.0;108;2010
20;17T;Kenyon Martin;32;DEN;0.0;1.0;610;0.002;58;34.2;11.5;9.4;1.9;1.2;1.1;0.456;0.276;0.557;3.3;0.079;2.8;0.5;104;2010
21;17T;Luc Mbah a Moute;23;MIL;0.0;1.0;610;0.002;73;25.6;6.2;5.5;1.1;0.8;0.5;0.48;0.353;0.699;4.7;0.122;3.0;1.5;103;2010
22;17T;Kendrick Perkins;25;BOS;0.0;1.0;610;0.002;78;27.6;10.1;7.6;1.0;0.3;1.7;0.602;0.0;0.582;5.2;0.117;3.8;1.0;101;2010
23;17T;Ben Wallace;35;DET;0.0;1.0;610;0.002;69;28.6;5.5;8.7;1.5;1.2;1.2;0.541;0.0;0.406;4.7;0.115;2.3;1.2;106;2010
0;1;Dwight Howard;25;ORL;114.0;585.0;600;0.975;78;37.6;22.9;14.1;1.4;1.4;2.4;0.593;0.0;0.596;14.4;0.235;7.7;2.4;94;2011
1;2;Kevin Garnett;34;BOS;1.0;77.0;600;0.128;71;31.3;14.9;8.9;2.4;1.3;0.8;0.528;0.2;0.862;9.0;0.194;5.6;2.9;95;2011
2;3;Tyson Chandler;28;DAL;0.0;70.0;600;0.117;74;27.8;10.1;9.4;0.4;0.5;1.1;0.654;;0.732;9.4;0.218;3.5;1.0;102;2011
3;4;Tony Allen;29;MEM;0.0;53.0;600;0.088;72;20.8;8.9;2.7;1.4;1.8;0.6;0.51;0.174;0.753;4.7;0.152;2.7;3.5;101;2011
4;5;Rajon Rondo;24;BOS;0.0;45.0;600;0.075;68;37.2;10.6;4.4;11.2;2.3;0.2;0.475;0.233;0.568;6.6;0.126;4.8;1.4;100;2011
5;6;Andrew Bogut;26;MIL;0.0;32.0;600;0.053;65;35.3;12.8;11.1;2.0;0.7;2.6;0.495;0.0;0.442;5.4;0.112;5.1;2.4;97;2011
6;7;Grant Hill;38;PHO;1.0;30.0;600;0.05;80;30.1;13.2;4.2;2.5;0.8;0.4;0.484;0.395;0.829;4.4;0.087;1.3;-0.3;111;2011
7;8;Andre Iguodala;27;PHI;0.0;29.0;600;0.048;67;36.9;14.1;5.8;6.3;1.5;0.6;0.445;0.337;0.693;6.7;0.13;3.5;1.6;104;2011
8;9;LeBron James;26;MIA;0.0;25.0;600;0.042;79;38.8;26.7;7.5;7.0;1.6;0.6;0.51;0.33;0.759;15.6;0.244;5.3;1.8;102;2011
9;10;Luol Deng;25;CHI;0.0;24.0;600;0.04;82;39.1;17.4;5.8;2.8;1.0;0.6;0.46;0.345;0.753;9.9;0.149;5.2;0.6;102;2011
10;11;Kobe Bryant;32;LAL;0.0;18.0;600;0.03;82;33.9;25.3;5.1;4.7;1.2;0.1;0.451;0.323;0.828;10.3;0.178;3.5;-0.2;105;2011
11;12T;Chuck Hayes;27;HOU;2.0;13.0;600;0.022;74;28.1;7.9;8.1;2.7;1.1;0.7;0.527;0.0;0.662;6.3;0.146;2.4;1.3;106;2011
12;12T;Chris Paul;25;NOH;0.0;13.0;600;0.022;80;36.0;15.9;4.1;9.8;2.4;0.1;0.463;0.388;0.878;13.9;0.232;4.4;2.8;103;2011
13;14;Serge Ibaka;21;OKC;0.0;12.0;600;0.02;82;27.0;9.9;7.6;0.3;0.4;2.4;0.543;0.0;0.75;7.6;0.164;3.2;0.7;104;2011
14;15;Joakim Noah;25;CHI;1.0;11.0;600;0.018;48;32.8;11.7;10.4;2.2;1.0;1.5;0.525;0.0;0.739;6.7;0.205;3.6;2.1;97;2011
15;16;Dwyane Wade;29;MIA;0.0;8.0;600;0.013;76;37.1;25.5;6.4;4.6;1.5;1.1;0.5;0.306;0.758;12.8;0.218;4.7;1.1;102;2011
16;17;Tim Duncan;34;SAS;0.0;7.0;600;0.012;76;28.4;13.4;8.9;2.7;0.7;1.9;0.5;0.0;0.716;7.7;0.171;4.0;2.2;100;2011
17;18;Metta World Peace;31;LAL;0.0;6.0;600;0.01;82;29.4;8.5;3.3;2.1;1.5;0.4;0.397;0.356;0.676;4.4;0.088;3.2;1.5;105;2011
18;19T;Keith Bogans;30;CHI;1.0;5.0;600;0.008;82;17.8;4.4;1.8;1.2;0.5;0.1;0.404;0.38;0.656;3.6;0.118;2.2;1.4;103;2011
19;19T;JaVale McGee;23;WAS;0.0;5.0;600;0.008;79;27.8;10.1;8.0;0.5;0.5;2.4;0.55;0.0;0.583;5.3;0.115;2.5;0.4;106;2011
20;21;Thabo Sefolosha;26;OKC;0.0;4.0;600;0.007;79;25.9;5.1;4.4;1.4;1.2;0.5;0.471;0.275;0.747;4.1;0.097;2.5;1.9;106;2011
21;22;Andrew Bynum;23;LAL;0.0;3.0;600;0.005;54;27.8;11.3;9.4;1.4;0.4;2.0;0.574;;0.66;6.6;0.21;2.8;1.4;100;2011
22;23T;Kenyon Martin;33;DEN;0.0;2.0;600;0.003;48;25.7;8.6;6.2;2.3;0.9;0.7;0.511;0.222;0.583;2.7;0.104;1.6;1.7;105;2011
23;23T;Gerald Wallace;28;TOT;0.0;2.0;600;0.003;71;37.9;15.7;8.0;2.4;1.5;0.9;0.454;0.333;0.746;6.2;0.111;3.6;1.1;105;2011
24;25;Josh Smith;25;ATL;0.0;1.0;600;0.002;77;34.4;16.5;8.5;3.3;1.3;1.6;0.477;0.331;0.725;6.4;0.116;4.5;1.7;102;2011
0;1;Tyson Chandler;29;NYK;45.0;311.0;605;0.514;62;33.2;11.3;9.9;0.9;0.9;1.4;0.679;0.0;0.689;9.5;0.22;3.6;1.1;99;2012
1;2;Serge Ibaka;22;OKC;41.0;294.0;605;0.486;66;27.2;9.1;7.5;0.4;0.5;3.7;0.535;0.333;0.661;6.2;0.167;3.2;2.3;98;2012
2;3;Dwight Howard;26;ORL;18.0;186.0;605;0.307;54;38.3;20.6;14.5;1.9;1.5;2.1;0.573;0.0;0.491;7.7;0.179;4.4;2.0;96;2012
3;4;LeBron James;27;MIA;7.0;112.0;605;0.185;62;37.5;27.1;7.9;6.2;1.9;0.8;0.531;0.362;0.771;14.5;0.298;4.5;2.7;97;2012
4;5;Kevin Garnett;35;BOS;2.0;44.0;605;0.073;60;31.1;15.8;8.2;2.9;0.9;1.0;0.503;0.333;0.857;6.9;0.178;4.3;2.5;94;2012
5;6;Tony Allen;30;MEM;4.0;36.0;605;0.06;58;26.3;9.8;4.0;1.4;1.8;0.6;0.469;0.308;0.8;4.2;0.131;2.5;2.3;100;2012
6;7;Andre Iguodala;28;PHI;1.0;33.0;605;0.055;62;35.6;12.4;6.1;5.5;1.7;0.5;0.454;0.394;0.617;7.3;0.158;4.2;2.5;98;2012
7;8;Shawn Marion;33;DAL;2.0;17.0;605;0.028;63;30.5;10.6;7.4;2.1;1.1;0.6;0.446;0.294;0.796;3.7;0.092;2.7;0.6;102;2012
8;9;Luol Deng;26;CHI;1.0;16.0;605;0.026;54;39.4;15.3;6.5;2.9;1.0;0.7;0.412;0.367;0.77;5.8;0.132;3.6;1.1;100;2012
9;10;Josh Smith;26;ATL;0.0;9.0;605;0.015;66;35.3;18.8;9.6;3.9;1.4;1.7;0.458;0.257;0.63;6.8;0.139;4.9;2.1;96;2012
10;11;Joakim Noah;26;CHI;0.0;6.0;605;0.01;64;30.4;10.2;9.8;2.5;0.6;1.4;0.508;0.0;0.748;9.0;0.223;4.2;2.1;96;2012
11;12T;Marc Gasol;27;MEM;0.0;5.0;605;0.008;65;36.5;14.6;8.9;3.1;1.0;1.9;0.482;0.083;0.748;8.2;0.166;4.0;2.1;99;2012
12;12T;Chris Paul;26;LAC;0.0;5.0;605;0.008;60;36.4;19.8;3.6;9.1;2.5;0.1;0.478;0.371;0.861;12.7;0.278;2.3;2.4;104;2012
13;14T;Avery Bradley;21;BOS;0.0;2.0;605;0.003;64;21.4;7.6;1.8;1.4;0.7;0.2;0.498;0.407;0.795;2.4;0.085;1.9;0.7;102;2012
14;14T;Mike Conley;24;MEM;0.0;2.0;605;0.003;62;35.1;12.7;2.5;6.5;2.2;0.2;0.433;0.377;0.861;6.4;0.141;2.8;1.4;102;2012
15;14T;Grant Hill;39;PHO;0.0;2.0;605;0.003;49;28.1;10.2;3.5;2.2;0.8;0.6;0.446;0.264;0.761;1.6;0.055;0.9;0.5;107;2012
16;14T;Iman Shumpert;21;NYK;0.0;2.0;605;0.003;59;28.9;9.5;3.2;2.8;1.7;0.1;0.401;0.306;0.798;2.4;0.068;2.5;1.6;101;2012
17;18T;Greg Monroe;21;DET;0.0;1.0;605;0.002;66;31.5;15.4;9.7;2.3;1.3;0.7;0.521;0.0;0.739;7.0;0.161;2.7;0.1;102;2012
18;18T;Dwyane Wade;30;MIA;0.0;1.0;605;0.002;49;33.2;22.1;4.8;4.6;1.7;1.3;0.497;0.268;0.791;7.7;0.227;2.9;1.9;99;2012
19;18T;Russell Westbrook;23;OKC;0.0;1.0;605;0.002;66;35.3;23.6;4.6;5.5;1.7;0.3;0.457;0.316;0.823;7.9;0.163;2.4;-0.7;105;2012
0;1;Marc Gasol;28;MEM;30.0;212.0;605;0.35;80;35.0;14.1;7.8;4.0;1.0;1.7;0.494;0.071;0.848;11.5;0.197;5.4;3.1;98;2013
1;2;LeBron James;28;MIA;18.0;149.0;605;0.246;76;37.9;26.8;8.0;7.3;1.7;0.9;0.565;0.406;0.753;19.3;0.322;4.7;2.4;101;2013
2;3;Serge Ibaka;23;OKC;14.0;122.0;605;0.202;80;31.1;13.2;7.7;0.5;0.4;3.0;0.573;0.351;0.749;9.4;0.181;4.1;0.7;101;2013
3;4;Joakim Noah;27;CHI;13.0;107.0;605;0.177;66;36.8;11.9;11.1;4.0;1.2;2.1;0.481;0.0;0.751;7.3;0.145;4.7;2.7;99;2013
4;5;Tony Allen;31;MEM;9.0;102.0;605;0.169;79;26.7;8.9;4.6;1.2;1.5;0.6;0.445;0.125;0.717;5.1;0.115;4.1;2.4;98;2013
5;6;Tim Duncan;36;SAS;11.0;94.0;605;0.155;69;30.1;17.8;9.9;2.7;0.7;2.7;0.502;0.286;0.817;8.3;0.191;4.9;2.9;95;2013
6;7;Larry Sanders;24;MIL;4.0;90.0;605;0.149;71;27.3;9.8;9.5;1.2;0.7;2.8;0.506;0.0;0.618;6.0;0.149;3.7;2.0;99;2013
7;8;Paul George;22;IND;8.0;57.0;605;0.094;79;37.6;17.4;7.6;4.1;1.8;0.6;0.419;0.362;0.807;9.0;0.145;6.3;2.3;97;2013
8;9;Andre Iguodala;29;DEN;5.0;43.0;605;0.071;80;34.7;13.0;5.3;5.4;1.7;0.7;0.451;0.317;0.574;5.6;0.097;3.2;1.4;105;2013
9;10;Roy Hibbert;26;IND;3.0;36.0;605;0.06;79;28.7;11.9;8.3;1.4;0.5;2.6;0.448;0.25;0.741;6.1;0.129;4.9;1.4;97;2013
10;11;Chris Paul;27;LAC;2.0;19.0;605;0.031;70;33.4;16.9;3.7;9.7;2.4;0.1;0.481;0.328;0.885;13.9;0.287;3.4;2.4;102;2013
11;12;Avery Bradley;22;BOS;2.0;15.0;605;0.025;50;28.7;9.2;2.2;2.1;1.3;0.4;0.402;0.317;0.755;0.4;0.012;1.6;0.3;105;2013
12;13;Tyson Chandler;30;NYK;0.0;11.0;605;0.018;66;32.8;10.4;10.7;0.9;0.6;1.1;0.638;;0.694;9.3;0.207;2.6;-0.3;104;2013
13;14;Dwight Howard;27;LAL;1.0;9.0;605;0.015;76;35.8;17.1;12.4;1.4;1.1;2.4;0.578;0.167;0.492;7.6;0.134;4.8;1.1;100;2013
14;15;Luol Deng;27;CHI;1.0;6.0;605;0.01;75;38.7;16.5;6.3;3.0;1.1;0.4;0.426;0.322;0.816;6.3;0.105;3.3;-0.3;105;2013
15;16;Dwyane Wade;31;MIA;0.0;4.0;605;0.007;69;34.7;21.2;5.0;5.1;1.9;0.8;0.521;0.258;0.725;9.6;0.192;3.5;0.7;103;2013
16;17T;Trevor Ariza;27;WAS;0.0;3.0;605;0.005;56;26.3;9.5;4.8;2.0;1.3;0.4;0.417;0.364;0.821;3.1;0.102;2.4;2.0;101;2013
17;17T;Jimmy Butler;23;CHI;0.0;3.0;605;0.005;82;26.0;8.6;4.0;1.4;1.0;0.4;0.467;0.381;0.803;7.0;0.158;2.6;1.0;104;2013
18;17T;Kenneth Faried;23;DEN;0.0;3.0;605;0.005;80;28.1;11.5;9.2;1.0;1.0;1.0;0.552;;0.613;7.8;0.167;3.4;0.2;102;2013
19;17T;Russell Westbrook;24;OKC;0.0;3.0;605;0.005;82;34.9;23.2;5.2;7.4;1.8;0.3;0.438;0.323;0.8;11.6;0.195;3.9;-0.2;103;2013
20;21;Mike Conley;25;MEM;0.0;1.0;605;0.002;80;34.5;14.6;2.8;6.1;2.2;0.3;0.44;0.362;0.83;9.9;0.172;4.7;2.3;100;2013
0;1;Joakim Noah;28;CHI;100.0;555.0;625;0.888;80;35.3;12.6;11.3;5.4;1.2;1.5;0.475;0.0;0.737;11.2;0.19;6.6;3.6;96;2014
1;2;Roy Hibbert;27;IND;8.0;166.0;625;0.266;81;29.7;10.8;6.6;1.1;0.4;2.2;0.439;0.4;0.77;5.4;0.108;5.0;1.5;98;2014
2;3;DeAndre Jordan;25;LAC;8.0;121.0;625;0.194;82;35.0;10.4;13.6;0.9;1.0;2.5;0.676;;0.428;11.1;0.186;5.8;1.6;98;2014
3;4;Serge Ibaka;24;OKC;2.0;79.0;625;0.126;81;32.9;15.1;8.8;1.0;0.5;2.7;0.536;0.383;0.784;9.6;0.173;4.4;0.6;102;2014
4;5;Andre Iguodala;30;GSW;1.0;47.0;625;0.075;63;32.4;9.3;4.7;4.2;1.5;0.3;0.48;0.354;0.652;5.8;0.135;3.1;2.4;103;2014
5;6;LeBron James;29;MIA;2.0;31.0;625;0.05;77;37.7;27.1;6.9;6.3;1.6;0.3;0.567;0.379;0.75;15.9;0.264;3.7;1.1;105;2014
6;7;Paul George;23;IND;0.0;30.0;625;0.048;80;36.2;21.7;6.8;3.5;1.9;0.3;0.424;0.364;0.864;10.8;0.178;6.4;2.1;97;2014
7;8T;Anthony Davis;20;NOP;1.0;25.0;625;0.04;67;35.2;20.8;10.0;1.6;1.3;2.8;0.519;0.222;0.791;10.4;0.212;3.2;0.8;104;2014
8;8T;Dwight Howard;28;HOU;1.0;25.0;625;0.04;71;33.7;18.3;12.2;1.8;0.8;1.8;0.591;0.286;0.547;8.0;0.161;4.1;0.8;101;2014
9;10;Andrew Bogut;29;GSW;1.0;11.0;625;0.018;67;26.4;7.3;10.0;1.7;0.7;1.8;0.627;;0.344;6.5;0.176;4.0;3.2;96;2014
10;11;Kawhi Leonard;22;SAS;0.0;9.0;625;0.014;66;29.1;12.8;6.2;2.0;1.7;0.8;0.522;0.379;0.802;7.7;0.193;3.9;3.0;98;2014
11;12;P.J. Tucker;28;PHO;1.0;6.0;625;0.01;81;30.7;9.4;6.5;1.7;1.4;0.3;0.431;0.387;0.776;6.1;0.117;2.8;0.9;106;2014
12;13T;Tim Duncan;37;SAS;0.0;5.0;625;0.008;74;29.2;15.1;9.7;3.0;0.6;1.9;0.49;0.0;0.731;7.4;0.164;4.6;2.1;98;2014
13;13T;Chris Paul;28;LAC;0.0;5.0;625;0.008;62;35.0;19.1;4.3;10.7;2.5;0.1;0.467;0.368;0.855;12.2;0.27;3.2;2.6;103;2014
14;15T;Trevor Ariza;28;WAS;0.0;4.0;625;0.006;77;35.4;14.4;6.2;2.5;1.6;0.3;0.456;0.407;0.772;8.0;0.141;3.7;1.0;104;2014
15;15T;Marc Gasol;29;MEM;0.0;4.0;625;0.006;59;33.4;14.6;7.2;3.6;1.0;1.3;0.473;0.182;0.768;5.6;0.137;3.1;2.0;102;2014
16;17;Patrick Beverley;25;HOU;0.0;2.0;625;0.003;56;31.3;10.2;3.5;2.7;1.4;0.4;0.414;0.361;0.814;4.2;0.116;1.6;0.9;108;2014
0;1;Kawhi Leonard;23;SAS;37.0;333.0;645;0.516;64;31.8;16.5;7.2;2.5;2.3;0.8;0.479;0.349;0.802;8.6;0.204;4.4;3.1;96;2015
1;2;Draymond Green;24;GSW;45.0;317.0;645;0.491;79;31.5;11.7;8.2;3.7;1.6;1.3;0.443;0.337;0.66;8.5;0.163;5.2;2.8;97;2015
2;3;DeAndre Jordan;26;LAC;32.0;261.0;645;0.405;82;34.4;11.5;15.0;0.7;1.0;2.2;0.71;0.25;0.397;12.8;0.217;5.4;0.7;98;2015
3;4;Anthony Davis;21;NOP;11.0;107.0;645;0.166;68;36.1;24.4;10.2;2.2;1.5;2.9;0.535;0.083;0.805;14.0;0.274;4.2;2.3;100;2015
4;5;Rudy Gobert;22;UTA;2.0;33.0;645;0.051;82;26.3;8.4;9.5;1.3;0.8;2.3;0.604;0.0;0.623;9.3;0.206;4.3;2.5;98;2015
5;6;Andrew Bogut;30;GSW;0.0;31.0;645;0.048;67;23.6;6.3;8.1;2.7;0.6;1.7;0.563;;0.524;5.2;0.159;3.4;3.3;97;2015
6;7;Tony Allen;33;MEM;1.0;29.0;645;0.045;63;26.2;8.6;4.4;1.4;2.0;0.5;0.495;0.345;0.627;4.1;0.119;3.2;3.1;98;2015
7;8;Tim Duncan;38;SAS;1.0;12.0;645;0.019;77;28.9;13.9;9.1;3.0;0.8;2.0;0.512;0.286;0.74;9.6;0.207;4.7;2.8;97;2015
8;9;Michael Kidd-Gilchrist;21;CHO;0.0;9.0;645;0.014;55;28.9;10.9;7.6;1.4;0.5;0.7;0.465;;0.701;3.8;0.114;2.2;0.6;103;2015
9;10T;Jimmy Butler;25;CHI;0.0;7.0;645;0.011;65;38.7;20.0;5.8;3.3;1.8;0.6;0.462;0.378;0.834;11.2;0.214;3.0;1.2;104;2015
10;10T;Marc Gasol;30;MEM;0.0;7.0;645;0.011;81;33.2;17.4;7.8;3.8;0.9;1.6;0.494;0.176;0.795;10.2;0.182;4.7;2.4;100;2015
11;12;Joakim Noah;29;CHI;0.0;4.0;645;0.006;67;30.6;7.2;9.6;4.7;0.7;1.1;0.445;0.0;0.603;5.6;0.13;3.1;2.0;102;2015
12;13T;Trevor Ariza;29;HOU;0.0;3.0;645;0.005;82;35.7;12.8;5.6;2.5;1.9;0.2;0.402;0.35;0.853;6.6;0.108;3.9;1.1;103;2015
13;13T;LeBron James;30;CLE;0.0;3.0;645;0.005;69;36.1;25.3;6.0;7.4;1.6;0.7;0.488;0.354;0.71;10.4;0.199;2.9;1.0;105;2015
14;15T;Patrick Beverley;26;HOU;0.0;1.0;645;0.002;56;30.8;10.1;4.2;3.4;1.1;0.4;0.383;0.356;0.75;3.5;0.096;1.8;0.5;106;2015
15;15T;DeMarre Carroll;28;ATL;0.0;1.0;645;0.002;70;31.3;12.6;5.3;1.7;1.3;0.2;0.487;0.395;0.702;7.0;0.154;2.8;0.4;104;2015
16;15T;Nerlens Noel;20;PHI;0.0;1.0;645;0.002;75;30.8;9.9;8.1;1.7;1.8;1.9;0.462;;0.609;4.0;0.083;4.2;2.3;99;2015
17;15T;Chris Paul;29;LAC;0.0;1.0;645;0.002;82;34.8;19.1;4.6;10.2;1.9;0.2;0.485;0.398;0.9;16.1;0.27;3.2;1.6;105;2015
18;15T;Hassan Whiteside;25;MIA;0.0;1.0;645;0.002;48;23.8;11.8;10.0;0.1;0.6;2.6;0.628;;0.5;5.3;0.221;2.4;1.6;97;2015
0;1;Kawhi Leonard;24;SAS;84.0;547.0;650;0.842;72;33.1;21.2;6.8;2.6;1.8;1.0;0.506;0.443;0.874;13.7;0.277;5.5;3.0;96;2016
1;2;Draymond Green;25;GSW;44.0;421.0;650;0.648;81;34.7;14.0;9.5;7.4;1.5;1.4;0.49;0.388;0.696;11.1;0.19;5.1;2.9;100;2016
2;3;Hassan Whiteside;26;MIA;2.0;83.0;650;0.128;73;29.1;14.2;11.8;0.4;0.6;3.7;0.606;;0.65;10.3;0.233;5.3;2.4;95;2016
3;4;DeAndre Jordan;27;LAC;0.0;50.0;650;0.077;77;33.7;12.7;13.8;1.2;0.7;2.3;0.703;0.0;0.43;11.5;0.213;5.5;1.3;98;2016
4;5;Paul Millsap;30;ATL;0.0;21.0;650;0.032;81;32.7;17.1;9.0;3.3;1.8;1.7;0.47;0.319;0.757;10.1;0.183;6.0;2.7;96;2016
5;6;Avery Bradley;25;BOS;0.0;14.0;650;0.022;76;33.4;15.2;2.9;2.1;1.5;0.3;0.447;0.361;0.78;4.8;0.09;2.8;0.3;106;2016
6;7;Rudy Gobert;23;UTA;0.0;13.0;650;0.02;61;31.7;9.1;11.0;1.5;0.7;2.2;0.559;;0.569;6.4;0.16;3.8;2.2;99;2016
7;8;Tony Allen;34;MEM;0.0;5.0;650;0.008;64;25.3;8.4;4.6;1.1;1.7;0.3;0.458;0.357;0.652;2.4;0.072;1.9;1.2;105;2016
8;9;Anthony Davis;22;NOP;0.0;4.0;650;0.006;61;35.5;24.3;10.3;1.9;1.3;2.0;0.493;0.324;0.758;7.2;0.16;2.8;0.4;104;2016
9;10;Andre Drummond;22;DET;0.0;3.0;650;0.005;81;32.9;16.2;14.8;0.8;1.5;1.4;0.521;0.333;0.355;7.4;0.133;5.5;0.3;98;2016
10;11T;Jimmy Butler;26;CHI;0.0;2.0;650;0.003;67;36.9;20.9;5.3;4.8;1.6;0.6;0.454;0.312;0.832;9.1;0.177;2.7;1.2;106;2016
11;11T;LeBron James;31;CLE;0.0;2.0;650;0.003;76;35.6;25.3;7.4;6.8;1.4;0.6;0.52;0.309;0.731;13.6;0.242;4.0;2.0;103;2016
12;13T;Trevor Ariza;30;HOU;0.0;1.0;650;0.002;81;35.3;12.7;4.5;2.3;2.0;0.3;0.416;0.371;0.783;5.4;0.09;2.3;0.3;108;2016
13;13T;Jae Crowder;25;BOS;0.0;1.0;650;0.002;73;31.6;14.2;5.1;1.8;1.7;0.5;0.443;0.336;0.82;7.3;0.152;3.5;1.4;102;2016
14;13T;Al Horford;29;ATL;0.0;1.0;650;0.002;82;32.1;15.2;7.3;3.2;0.8;1.5;0.505;0.344;0.798;9.4;0.172;4.5;1.6;101;2016
15;13T;Kyle Lowry;29;TOR;0.0;1.0;650;0.002;77;37.0;21.2;4.7;6.4;2.1;0.4;0.427;0.388;0.811;11.6;0.196;3.7;1.1;104;2016
16;13T;Chris Paul;30;LAC;0.0;1.0;650;0.002;74;32.7;19.5;4.2;10.0;2.1;0.2;0.462;0.371;0.896;12.7;0.253;3.5;2.0;103;2016
0;1;Draymond Green;26;GSW;73.0;434.0;500;0.868;76;32.5;10.2;7.9;7.0;2.0;1.4;0.418;0.308;0.709;8.2;0.16;5.4;3.9;99;2017
1;2;Rudy Gobert;24;UTA;16.0;269.0;500;0.538;81;33.9;14.0;12.8;1.2;0.6;2.6;0.661;0.0;0.653;14.3;0.25;6.0;2.2;99;2017
2;3;Kawhi Leonard;25;SAS;11.0;182.0;500;0.364;74;33.4;25.5;5.8;3.5;1.8;0.7;0.485;0.38;0.88;13.6;0.264;4.7;2.2;102;2017
3;4;Robert Covington;26;PHI;0.0;4.0;500;0.008;67;31.6;12.9;6.5;1.5;1.9;1.0;0.399;0.333;0.822;3.1;0.071;3.2;1.4;105;2017
4;5T;LeBron James;32;CLE;0.0;3.0;500;0.006;74;37.8;26.4;8.6;8.7;1.2;0.6;0.548;0.363;0.674;12.9;0.221;3.0;1.2;108;2017
5;5T;Andre Roberson;25;OKC;0.0;3.0;500;0.006;79;30.1;6.6;5.1;1.0;1.2;1.0;0.464;0.245;0.423;4.2;0.085;3.1;1.4;106;2017
6;5T;Hassan Whiteside;27;MIA;0.0;3.0;500;0.006;77;32.6;17.0;14.1;0.7;0.7;2.1;0.557;;0.628;9.5;0.181;5.3;0.5;100;2017
7;8T;LaMarcus Aldridge;31;SAS;0.0;1.0;500;0.002;72;32.4;17.3;7.3;1.9;0.6;1.2;0.477;0.411;0.812;7.2;0.149;3.7;0.1;104;2017
8;8T;Patrick Beverley;28;HOU;0.0;1.0;500;0.002;67;30.7;9.5;5.9;4.2;1.5;0.4;0.42;0.382;0.768;5.3;0.123;2.4;1.4;108;2017
0;1;Rudy Gobert;25;UTA;89.0;466.0;505;0.923;56;32.4;13.5;10.7;1.4;0.8;2.3;0.622;;0.682;8.1;0.214;3.9;2.5;99;2018
1;2;Joel Embiid;23;PHI;2.0;163.0;505;0.323;63;30.3;22.9;11.0;3.2;0.6;1.8;0.483;0.308;0.769;6.2;0.155;3.8;1.3;100;2018
2;3;Anthony Davis;24;NOP;5.0;139.0;505;0.275;75;36.4;28.1;11.1;2.3;1.5;2.6;0.534;0.34;0.828;13.7;0.241;4.9;1.4;102;2018
3;4;Paul George;27;OKC;2.0;38.0;505;0.075;79;36.6;21.9;5.7;3.3;2.0;0.5;0.43;0.401;0.822;8.9;0.147;3.9;0.6;106;2018
4;5;Al Horford;31;BOS;1.0;37.0;505;0.073;72;31.6;12.9;7.4;4.7;0.6;1.1;0.489;0.429;0.783;7.8;0.165;3.8;2.0;103;2018
5;6;Draymond Green;27;GSW;1.0;20.0;505;0.04;70;32.7;11.0;7.6;7.3;1.4;1.3;0.454;0.301;0.775;6.1;0.127;3.4;1.9;105;2018
6;7;Jrue Holiday;27;NOP;1.0;11.0;505;0.022;81;36.1;19.0;4.5;6.0;1.5;0.8;0.494;0.337;0.786;7.1;0.116;2.9;0.3;109;2018
7;8;Robert Covington;27;PHI;0.0;8.0;505;0.016;80;31.7;12.6;5.4;2.0;1.7;0.9;0.413;0.369;0.853;6.1;0.116;4.5;1.7;103;2018
8;9;Kevin Durant;29;GSW;0.0;7.0;505;0.014;68;34.2;26.4;6.8;5.4;0.7;1.8;0.516;0.419;0.889;10.4;0.215;2.9;0.6;107;2018
9;10;Jaylen Brown;21;BOS;0.0;5.0;505;0.01;70;30.7;14.5;4.9;1.6;1.0;0.4;0.465;0.395;0.644;4.5;0.1;3.2;0.3;105;2018
10;11;Klay Thompson;27;GSW;0.0;4.0;505;0.008;73;34.3;20.0;3.8;2.5;0.8;0.5;0.488;0.44;0.837;4.9;0.094;1.8;-2.1;111;2018
11;12T;Steven Adams;24;OKC;0.0;3.0;505;0.006;76;32.7;13.9;9.0;1.2;1.2;1.0;0.629;0.0;0.559;9.7;0.187;3.0;-0.6;107;2018
12;12T;Jimmy Butler;28;MIN;0.0;3.0;505;0.006;59;36.7;22.2;5.3;4.9;2.0;0.4;0.474;0.35;0.854;8.9;0.198;1.8;0.7;110;2018
13;14;Clint Capela;23;HOU;0.0;2.0;505;0.004;74;27.5;13.9;10.8;0.9;0.8;1.9;0.652;0.0;0.56;10.2;0.242;4.1;1.0;101;2018
14;15T;Andre Drummond;24;DET;0.0;1.0;505;0.002;78;33.7;15.0;16.0;3.0;1.5;1.6;0.529;0.0;0.605;10.3;0.189;5.7;1.7;99;2018
15;15T;Jusuf Nurkić;23;POR;0.0;1.0;505;0.002;79;26.4;14.3;9.0;1.8;0.8;1.4;0.505;0.0;0.63;4.7;0.108;3.9;1.1;101;2018
16;15T;Victor Oladipo;25;IND;0.0;1.0;505;0.002;75;34.0;23.1;5.2;4.3;2.4;0.8;0.477;0.371;0.799;8.2;0.155;4.0;1.7;104;2018
0;1;Rudy Gobert;26;UTA;65.0;411.0;500;0.822;81;31.8;15.9;12.9;2.0;0.8;2.3;0.669;;0.636;14.4;0.268;5.7;2.5;100;2019
1;2;Giannis Antetokounmpo;24;MIL;26.0;280.0;500;0.56;72;32.8;27.7;12.5;5.9;1.3;1.5;0.578;0.256;0.729;14.4;0.292;5.5;4.1;99;2019
2;3;Paul George;28;OKC;6.0;150.0;500;0.3;77;36.9;28.0;8.2;4.1;2.2;0.4;0.438;0.386;0.839;11.9;0.201;4.9;1.6;105;2019
3;4;Joel Embiid;24;PHI;1.0;26.0;500;0.052;64;33.7;27.5;13.6;3.7;0.7;1.9;0.484;0.3;0.804;8.7;0.194;3.8;0.9;104;2019
4;5;Myles Turner;22;IND;0.0;15.0;500;0.03;74;28.6;13.3;7.2;1.6;0.8;2.7;0.487;0.388;0.736;6.3;0.144;4.4;2.4;101;2019
5;6T;Draymond Green;28;GSW;1.0;6.0;500;0.012;66;31.3;7.4;7.3;6.9;1.4;1.1;0.445;0.285;0.692;4.3;0.1;3.2;2.7;106;2019
6;6T;Kawhi Leonard;27;TOR;1.0;6.0;500;0.012;60;34.0;26.6;7.3;3.3;1.8;0.4;0.496;0.371;0.854;9.5;0.224;3.4;1.1;105;2019
7;8;Marcus Smart;24;BOS;0.0;4.0;500;0.008;80;27.5;8.9;2.9;4.0;1.8;0.4;0.422;0.364;0.806;5.3;0.116;3.1;2.0;107;2019
8;9T;Jarrett Allen;20;BRK;0.0;1.0;500;0.002;80;26.2;10.9;8.4;1.4;0.5;1.5;0.59;0.133;0.709;7.6;0.175;3.3;1.4;106;2019
9;9T;Patrick Beverley;30;LAC;0.0;1.0;500;0.002;78;27.4;7.6;5.0;3.8;0.9;0.6;0.407;0.397;0.78;4.8;0.108;2.0;1.2;111;2019
0;1;Giannis Antetokounmpo;25;MIL;75.0;432.0;500;0.864;63;30.4;29.5;13.6;5.6;1.0;1.0;0.553;0.304;0.633;11.1;0.279;5.0;4.1;97;2020
1;2;Anthony Davis;26;LAL;14.0;200.0;500;0.4;62;34.4;26.1;9.3;3.2;1.5;2.3;0.503;0.33;0.846;11.1;0.25;4.4;2.6;102;2020
2;3;Rudy Gobert;27;UTA;6.0;187.0;500;0.374;68;34.3;15.1;13.5;1.5;0.8;2.0;0.693;;0.63;10.7;0.221;4.2;1.9;104;2020
3;4;Ben Simmons;23;PHI;1.0;32.0;500;0.064;57;35.4;16.4;7.8;8.0;2.1;0.6;0.58;0.286;0.621;6.9;0.165;3.1;2.3;106;2020
4;5;Bam Adebayo;22;MIA;2.0;17.0;500;0.034;72;33.6;15.9;10.2;5.1;1.1;1.3;0.557;0.143;0.691;8.5;0.168;3.9;2.0;106;2020
5;6T;Patrick Beverley;31;LAC;1.0;7.0;500;0.014;51;26.3;7.9;5.2;3.6;1.1;0.5;0.431;0.388;0.66;3.6;0.128;2.0;2.5;107;2020
6;6T;Marcus Smart;25;BOS;0.0;7.0;500;0.014;60;32.0;12.9;3.8;4.9;1.7;0.5;0.375;0.347;0.836;4.5;0.112;2.8;1.4;107;2020
7;8T;Andre Drummond;26;TOT;1.0;5.0;500;0.01;57;33.0;17.7;15.2;2.7;1.9;1.6;0.533;0.143;0.575;4.2;0.108;3.6;1.1;103;2020
8;8T;Kawhi Leonard;28;LAC;0.0;5.0;500;0.01;57;32.4;27.1;7.1;4.9;1.8;0.6;0.47;0.378;0.886;8.7;0.226;3.3;2.4;104;2020
9;10;Brook Lopez;31;MIL;0.0;4.0;500;0.008;68;26.7;12.0;4.6;1.5;0.7;2.4;0.435;0.314;0.836;5.5;0.145;4.1;2.5;100;2020
10;11;Hassan Whiteside;30;POR;0.0;3.0;500;0.006;67;30.0;15.5;13.5;1.2;0.4;2.9;0.621;0.571;0.686;8.5;0.204;3.0;0.7;107;2020
11;12;Jarrett Allen;21;BRK;0.0;1.0;500;0.002;70;26.5;11.1;9.6;1.6;0.6;1.3;0.649;0.0;0.633;8.2;0.212;2.9;1.0;106;2020
0;1;Rudy Gobert;28;UTA;84.0;464.0;500;0.928;71;30.8;14.3;13.5;1.3;0.6;2.7;0.675;0.0;0.623;11.3;0.248;5.2;2.8;101;2021
1;2;Ben Simmons;24;PHI;15.0;287.0;500;0.574;58;32.4;14.3;7.2;6.9;1.6;0.6;0.557;0.3;0.613;6.0;0.153;3.3;2.2;106;2021
2;3;Draymond Green;30;GSW;0.0;76.0;500;0.152;63;31.5;7.0;7.1;8.9;1.7;0.8;0.447;0.27;0.795;4.6;0.112;3.4;3.3;106;2021
3;4;Bam Adebayo;23;MIA;1.0;31.0;500;0.062;64;33.5;18.7;9.0;5.4;1.2;1.0;0.57;0.25;0.799;8.8;0.197;3.2;2.0;108;2021
4;5;Giannis Antetokounmpo;26;MIL;0.0;12.0;500;0.024;61;33.0;28.1;11.0;5.9;1.2;1.2;0.569;0.303;0.685;10.2;0.244;3.3;2.8;107;2021
5;6;Clint Capela;26;ATL;0.0;10.0;500;0.02;63;30.1;15.2;14.3;0.8;0.7;2.0;0.594;;0.573;8.2;0.207;3.3;0.0;106;2021
6;7;Joel Embiid;26;PHI;0.0;7.0;500;0.014;51;31.1;28.5;10.6;2.8;1.0;1.4;0.513;0.377;0.859;8.8;0.266;3.2;1.2;104;2021
7;8;Jrue Holiday;30;MIL;0.0;6.0;500;0.012;59;32.3;17.7;4.5;6.1;1.6;0.6;0.503;0.392;0.787;6.6;0.165;2.2;0.6;111;2021
8;9;Myles Turner;24;IND;0.0;3.0;500;0.006;47;31.0;12.6;6.5;1.0;0.9;3.4;0.477;0.335;0.782;3.3;0.11;2.2;2.0;108;2021
9;10;Jimmy Butler;31;MIA;0.0;2.0;500;0.004;52;33.6;21.5;6.9;7.1;2.1;0.3;0.497;0.245;0.863;9.3;0.255;2.7;2.3;108;2021
10;11T;Kentavious Caldwell-Pope;27;LAL;0.0;1.0;500;0.002;67;28.4;9.7;2.7;1.9;0.9;0.4;0.431;0.41;0.866;4.2;0.107;2.6;1.0;109;2021
11;11T;Matisse Thybulle;23;PHI;0.0;1.0;500;0.002;65;20.0;3.9;1.9;1.0;1.6;1.1;0.42;0.301;0.444;2.8;0.102;2.7;4.5;103;2021
0;1;Marcus Smart;27;BOS;37.0;257.0;500;0.514;71;32.3;12.1;3.8;5.9;1.7;0.3;0.418;0.331;0.793;5.6;0.116;3.7;1.7;107;2022
1;2;Mikal Bridges;25;PHO;22.0;202.0;500;0.404;82;34.8;14.2;4.2;2.3;1.2;0.4;0.534;0.369;0.834;8.9;0.15;3.7;1.1;110;2022
2;3;Rudy Gobert;29;UTA;12.0;136.0;500;0.272;66;32.1;15.6;14.7;1.1;0.7;2.1;0.713;0.0;0.69;11.7;0.264;4.3;1.7;103;2022
3;4;Bam Adebayo;24;MIA;13.0;128.0;500;0.256;56;32.6;19.1;10.1;3.4;1.4;0.8;0.557;0.0;0.753;7.2;0.188;3.5;2.1;104;2022
4;5;Jaren Jackson Jr.;22;MEM;10.0;99.0;500;0.198;78;27.3;16.3;5.8;1.1;0.9;2.3;0.415;0.319;0.823;5.4;0.121;3.7;0.8;106;2022
5;6;Giannis Antetokounmpo;27;MIL;5.0;58.0;500;0.116;67;32.9;29.9;11.6;5.8;1.1;1.4;0.553;0.293;0.722;12.9;0.281;3.7;3.5;106;2022
6;7;Robert Williams;24;BOS;1.0;8.0;500;0.016;61;29.6;10.0;9.6;2.0;0.9;2.2;0.736;0.0;0.722;9.9;0.262;3.9;3.1;102;2022
7;8;Jrue Holiday;31;MIL;0.0;6.0;500;0.012;67;32.9;18.3;4.5;6.8;1.6;0.4;0.501;0.411;0.761;6.9;0.15;2.4;0.3;112;2022
8;9;Al Horford;35;BOS;0.0;3.0;500;0.006;69;29.1;10.2;7.7;3.4;0.7;1.3;0.467;0.336;0.842;7.6;0.181;3.8;2.9;104;2022
9;10;Draymond Green;31;GSW;0.0;2.0;500;0.004;46;28.9;7.5;7.3;7.0;1.3;1.1;0.525;0.296;0.659;3.6;0.131;2.8;4.6;103;2022
10;11;Matisse Thybulle;24;PHI;0.0;1.0;500;0.002;66;25.5;5.7;2.3;1.1;1.7;1.1;0.5;0.313;0.791;3.7;0.107;2.5;3.3;108;2022
