;Rank;Player;Age;Tm;First;Pts Won;Pts Max;Share;G;MP;PTS;TRB;AST;STL;BLK;FG%;3P%;FT%;WS;WS/48;
0;1;Ralph Sampson;23;HOU;76.0;76.0;76;1.0;82;32.8;21.0;11.1;2.0;0.9;2.4;0.523;0.25;0.661;6.0;0.108;1984
0;1;Michael Jordan;21;CHI;57.5;57.5;78;0.737;82;38.3;28.2;6.5;5.9;2.4;0.8;0.515;0.173;0.845;14.0;0.213;1985
1;2;Hakeem Olajuwon;22;HOU;20.5;20.5;78;0.263;82;35.5;20.6;11.9;1.4;1.2;2.7;0.538;;0.613;10.2;0.168;1985
0;1;Patrick Ewing;23;NYK;36.0;36.0;78;0.462;50;35.4;20.0;9.0;2.0;1.1;2.1;0.474;0.0;0.739;3.1;0.084;1986
1;2;Xavier McDaniel;22;SEA;16.5;16.5;78;0.212;82;33.0;17.1;8.0;2.4;1.2;0.5;0.49;0.2;0.687;5.1;0.091;1986
2;3;Karl Malone;22;UTA;14.5;14.5;78;0.186;81;30.6;14.9;8.9;2.9;1.3;0.5;0.496;0.0;0.481;1.9;0.036;1986
3;4;Spud Webb;22;ATL;4.0;4.0;78;0.051;79;15.6;7.8;1.6;4.3;1.0;0.1;0.483;0.182;0.785;3.5;0.137;1986
4;5T;Manute Bol;23;WSB;3.0;3.0;78;0.038;80;26.1;3.7;6.0;0.3;0.4;5.0;0.46;0.0;0.488;3.9;0.089;1986
5;5T;Charles Oakley;22;CHI;3.0;3.0;78;0.038;77;23.0;9.6;8.6;1.7;0.9;0.4;0.519;0.0;0.662;3.3;0.09;1986
6;7;Benoit Benjamin;21;LAC;1.0;1.0;78;0.013;79;26.4;11.1;7.6;1.0;0.8;2.6;0.49;0.333;0.746;4.0;0.093;1986
0;1;Chuck Person;22;IND;68.0;68.0;78;0.872;82;36.0;18.8;8.3;3.6;1.1;0.2;0.468;0.355;0.747;5.4;0.088;1987
1;2;Ron Harper;23;CLE;10.0;10.0;78;0.128;82;37.4;22.9;4.8;4.8;2.5;1.0;0.455;0.213;0.684;4.2;0.066;1987
0;1;Mark Jackson;22;NYK;77.0;77.0;80;0.963;82;39.6;13.6;4.8;10.6;2.5;0.1;0.432;0.254;0.774;7.6;0.113;1988
1;2T;Greg Anderson;23;SAS;1.0;1.0;80;0.013;82;24.2;11.7;6.3;1.0;0.7;1.5;0.501;0.2;0.604;2.3;0.056;1988
2;2T;Winston Garland;23;GSW;1.0;1.0;80;0.013;67;31.7;12.4;3.4;6.4;1.7;0.1;0.439;0.333;0.879;1.7;0.039;1988
3;2T;Kenny Smith;22;SAC;1.0;1.0;80;0.013;61;35.6;13.8;2.3;7.1;1.5;0.1;0.477;0.308;0.819;2.2;0.049;1988
0;1;Mitch Richmond;23;GSW;80.0;80.0;85;0.941;79;34.4;22.0;5.9;4.2;1.0;0.2;0.468;0.367;0.81;5.6;0.098;1989
1;2;Willie Anderson;22;SAS;4.0;4.0;85;0.047;81;33.8;18.6;5.1;4.6;1.9;0.8;0.498;0.19;0.775;4.9;0.085;1989
2;3;Chris Morris;23;NJN;1.0;1.0;85;0.012;76;27.6;14.1;5.2;1.6;1.3;0.8;0.457;0.366;0.717;2.8;0.064;1989
0;1;David Robinson;24;SAS;92.0;92.0;92;1.0;82;36.6;24.3;12.0;2.0;1.7;3.9;0.531;0.0;0.732;15.1;0.241;1990
0;1;Derrick Coleman;23;NJN;69.0;69.0;96;0.719;74;35.2;18.4;10.3;2.2;1.0;1.3;0.467;0.342;0.731;5.8;0.108;1991
1;2;Lionel Simmons;22;SAC;22.0;22.0;96;0.229;79;37.7;18.0;8.8;4.0;1.4;1.1;0.422;0.273;0.736;2.7;0.044;1991
2;3;Dennis Scott;22;ORL;3.0;3.0;96;0.031;82;28.5;15.7;2.9;1.6;0.8;0.3;0.425;0.374;0.75;2.6;0.054;1991
3;4;Dee Brown;22;BOS;2.0;2.0;96;0.021;82;23.7;8.7;2.2;4.2;1.0;0.2;0.464;0.206;0.873;3.5;0.087;1991
0;1;Larry Johnson;22;CHH;90.5;90.5;96;0.943;82;37.2;19.2;11.0;3.6;1.0;0.6;0.49;0.227;0.829;8.9;0.14;1992
1;2;Dikembe Mutombo;25;DEN;3.5;3.5;96;0.036;71;38.3;16.6;12.3;2.2;0.6;3.0;0.493;;0.642;4.8;0.086;1992
2;3;Billy Owens;22;GSW;2.0;2.0;96;0.021;80;31.4;14.3;8.0;2.4;1.1;0.8;0.525;0.111;0.654;5.6;0.107;1992
0;1;Shaquille O'Neal;20;ORL;96.0;96.0;98;0.98;81;37.9;23.4;13.9;1.9;0.7;3.5;0.562;0.0;0.592;10.4;0.163;1993
1;2;Alonzo Mourning;22;CHH;2.0;2.0;98;0.02;78;33.9;21.0;10.3;1.0;0.3;3.5;0.511;0.0;0.781;8.2;0.148;1993
0;1;Chris Webber;20;GSW;53.0;53.0;101;0.525;76;32.1;17.5;9.1;3.6;1.2;2.2;0.552;0.0;0.532;7.8;0.154;1994
1;2;Anfernee Hardaway;22;ORL;47.0;47.0;101;0.465;82;36.8;16.0;5.4;6.6;2.3;0.6;0.466;0.267;0.742;7.1;0.112;1994
2;3;Jamal Mashburn;21;DAL;1.0;1.0;101;0.01;79;36.7;19.2;4.5;3.4;1.1;0.2;0.406;0.284;0.699;0.9;0.014;1994
0;1T;Grant Hill;22;DET;43.0;43.0;105;0.41;70;38.3;19.9;6.4;5.0;1.8;0.9;0.477;0.148;0.732;5.4;0.097;1995
1;1T;Jason Kidd;21;DAL;43.0;43.0;105;0.41;79;33.8;11.7;5.4;7.7;1.9;0.3;0.385;0.272;0.698;3.7;0.066;1995
2;3;Glenn Robinson;22;MIL;15.0;15.0;105;0.143;80;37.0;21.9;6.4;2.5;1.4;0.3;0.451;0.321;0.796;3.2;0.053;1995
3;4;Eddie Jones;23;LAL;2.0;2.0;105;0.019;64;31.0;14.0;3.9;2.0;2.0;0.6;0.46;0.37;0.722;5.0;0.122;1995
4;5T;Brian Grant;22;SAC;1.0;1.0;105;0.01;80;28.6;13.2;7.5;1.2;0.6;1.5;0.511;0.25;0.636;5.3;0.112;1995
5;5T;Juwan Howard;21;WSB;1.0;1.0;105;0.01;65;36.1;17.0;8.4;2.5;0.8;0.2;0.489;0.0;0.664;2.8;0.057;1995
0;1;Damon Stoudamire;22;TOR;76.0;76.0;113;0.673;70;40.9;19.0;4.0;9.3;1.4;0.3;0.426;0.395;0.797;4.3;0.072;1996
1;2;Arvydas Sabonis;31;POR;17.0;17.0;113;0.15;73;23.8;14.5;8.1;1.8;0.9;1.1;0.545;0.375;0.757;8.4;0.233;1996
2;3;Joe Smith;20;GSW;15.0;15.0;113;0.133;82;34.4;15.3;8.7;1.0;1.0;1.6;0.458;0.357;0.773;6.8;0.116;1996
3;4T;Michael Finley;22;PHO;2.0;2.0;113;0.018;82;39.2;15.0;4.6;3.5;1.0;0.4;0.476;0.328;0.749;6.3;0.095;1996
4;4T;Jerry Stackhouse;21;PHI;2.0;2.0;113;0.018;72;37.5;19.2;3.7;3.9;1.1;1.1;0.414;0.318;0.747;1.2;0.021;1996
5;6;Kevin Garnett;19;MIN;1.0;1.0;113;0.009;80;28.7;10.4;6.3;1.8;1.1;1.6;0.491;0.286;0.705;4.4;0.092;1996
0;1;Allen Iverson;21;PHI;44.0;44.0;115;0.383;76;40.1;23.5;4.1;7.5;2.1;0.3;0.416;0.341;0.702;4.1;0.065;1997
1;2;Stephon Marbury;19;MIN;35.0;35.0;115;0.304;67;34.7;15.8;2.7;7.8;1.0;0.3;0.408;0.354;0.727;3.7;0.077;1997
2;3;Shareef Abdur-Rahim;20;VAN;25.0;25.0;115;0.217;80;35.0;18.7;6.9;2.2;1.0;1.0;0.453;0.259;0.746;2.9;0.049;1997
3;4;Antoine Walker;20;BOS;6.0;6.0;115;0.052;82;36.2;17.5;9.0;3.2;1.3;0.6;0.425;0.327;0.631;1.7;0.027;1997
4;5;Kerry Kittles;22;NJN;5.0;5.0;115;0.043;82;36.7;16.4;3.9;3.0;1.9;0.4;0.426;0.377;0.771;6.9;0.11;1997
0;1;Tim Duncan;21;SAS;113.0;113.0;116;0.974;82;39.1;21.1;11.9;2.7;0.7;2.5;0.549;0.0;0.662;12.8;0.192;1998
1;2;Keith Van Horn;22;NJN;3.0;3.0;116;0.026;62;37.5;19.7;6.6;1.7;1.0;0.4;0.426;0.308;0.846;4.8;0.098;1998
0;1;Vince Carter;22;TOR;113.0;113.0;118;0.958;50;35.2;18.3;5.7;3.0;1.1;1.5;0.45;0.288;0.761;5.0;0.136;1999
1;2;Jason Williams;23;SAC;3.0;3.0;118;0.025;50;36.1;12.8;3.1;6.0;1.9;0.0;0.374;0.31;0.752;2.1;0.055;1999
2;3;Paul Pierce;21;BOS;2.0;2.0;118;0.017;48;34.0;16.5;6.4;2.4;1.7;1.0;0.439;0.412;0.713;4.9;0.144;1999
0;1T;Elton Brand;20;CHI;58.0;58.0;121;0.479;81;37.0;20.1;10.0;1.9;0.8;1.6;0.482;0.0;0.685;7.5;0.121;2000
1;1T;Steve Francis;22;HOU;58.0;58.0;121;0.479;77;36.1;18.0;5.3;6.6;1.5;0.4;0.445;0.345;0.786;6.4;0.111;2000
2;3;Lamar Odom;20;LAC;3.0;3.0;121;0.025;76;36.4;16.6;7.8;4.2;1.2;1.3;0.438;0.36;0.719;3.2;0.055;2000
3;4;Andre Miller;23;CLE;2.0;2.0;121;0.017;82;25.5;11.1;3.4;5.8;1.0;0.2;0.449;0.204;0.774;5.3;0.122;2000
0;1;Mike Miller;20;ORL;75.0;75.0;124;0.605;82;29.1;11.9;4.0;1.7;0.6;0.2;0.436;0.407;0.711;5.3;0.106;2001
1;2;Kenyon Martin;23;NJN;36.0;36.0;124;0.29;68;33.4;12.0;7.4;1.9;1.1;1.7;0.445;0.091;0.63;2.1;0.044;2001
2;3;Marc Jackson;26;GSW;7.0;7.0;124;0.056;48;29.4;13.2;7.5;1.2;0.7;0.6;0.467;0.217;0.802;2.6;0.089;2001
3;4T;Darius Miles;19;LAC;3.0;3.0;124;0.024;81;26.3;9.4;5.9;1.2;0.6;1.5;0.505;0.053;0.521;3.0;0.068;2001
4;4T;Morris Peterson;23;TOR;3.0;3.0;124;0.024;80;22.6;9.3;3.2;1.3;0.8;0.3;0.431;0.382;0.717;3.6;0.096;2001
0;1;Pau Gasol;21;MEM;117.0;117.0;126;0.929;82;36.7;17.6;8.9;2.7;0.5;2.1;0.518;0.2;0.709;7.6;0.121;2002
1;2;Richard Jefferson;21;NJN;3.0;3.0;126;0.024;79;24.3;9.4;3.7;1.8;0.8;0.6;0.457;0.232;0.713;4.7;0.117;2002
2;3T;Andrei Kirilenko;20;UTA;2.0;2.0;126;0.016;82;26.2;10.7;4.9;1.1;1.4;1.9;0.45;0.25;0.768;7.3;0.164;2002
3;3T;Jason Richardson;21;GSW;2.0;2.0;126;0.016;80;32.9;14.4;4.3;3.0;1.3;0.4;0.426;0.333;0.671;2.9;0.052;2002
4;3T;Jamaal Tinsley;23;IND;2.0;2.0;126;0.016;80;30.5;9.4;3.7;8.1;1.7;0.5;0.38;0.24;0.704;1.7;0.033;2002
0;1;Amar'e Stoudemire;20;PHO;59.0;458.0;585;0.783;82;31.3;13.5;8.8;1.0;0.8;1.1;0.472;0.2;0.661;6.2;0.116;2003
1;2;Yao Ming;22;HOU;45.0;405.0;585;0.692;82;29.0;13.5;8.2;1.7;0.4;1.8;0.498;0.5;0.811;8.7;0.176;2003
2;3;Caron Butler;22;MIA;13.0;179.0;585;0.306;78;36.6;15.4;5.1;2.7;1.8;0.4;0.416;0.318;0.824;5.1;0.086;2003
3;4;Manu Ginóbili;25;SAS;0.0;5.0;585;0.009;69;20.7;7.6;2.3;2.0;1.4;0.2;0.438;0.345;0.737;4.2;0.141;2003
4;5;Drew Gooden;21;TOT;0.0;3.0;585;0.005;70;26.8;12.5;6.5;1.2;0.8;0.5;0.457;0.292;0.712;1.7;0.043;2003
5;6;Nenê;20;DEN;0.0;2.0;585;0.003;80;28.2;10.5;6.1;1.9;1.6;0.8;0.519;0.0;0.578;5.0;0.107;2003
6;7;Carlos Boozer;21;CLE;0.0;1.0;585;0.002;81;25.3;10.0;7.5;1.3;0.7;0.6;0.536;0.0;0.771;5.9;0.139;2003
0;1;LeBron James;19;CLE;78.0;508.0;590;0.861;79;39.5;20.9;5.5;5.9;1.6;0.7;0.417;0.29;0.754;5.1;0.078;2004
1;2;Carmelo Anthony;19;DEN;40.0;430.0;590;0.729;82;36.5;21.0;6.1;2.8;1.2;0.5;0.426;0.322;0.777;6.1;0.098;2004
2;3;Dwyane Wade;22;MIA;0.0;117.0;590;0.198;61;34.9;16.2;4.0;4.5;1.4;0.6;0.465;0.302;0.747;4.6;0.103;2004
3;4;Kirk Hinrich;23;CHI;0.0;4.0;590;0.007;76;35.6;12.0;3.4;6.8;1.3;0.3;0.386;0.39;0.804;4.1;0.072;2004
4;5;Chris Bosh;19;TOR;0.0;2.0;590;0.003;75;33.5;11.5;7.4;1.0;0.8;1.4;0.459;0.357;0.701;6.2;0.119;2004
5;6;Marquis Daniels;23;DAL;0.0;1.0;590;0.002;56;18.6;8.5;2.6;2.1;0.9;0.2;0.494;0.306;0.769;3.2;0.146;2004
0;1;Emeka Okafor;22;CHA;77.0;514.0;630;0.816;73;35.6;15.1;10.9;0.9;0.8;1.7;0.447;0.0;0.609;4.0;0.074;2005
1;2;Ben Gordon;21;CHI;43.0;443.0;630;0.703;82;24.4;15.1;2.6;2.0;0.6;0.1;0.411;0.405;0.863;3.5;0.084;2005
2;3;Dwight Howard;19;ORL;6.0;161.0;630;0.256;82;32.6;12.0;10.0;0.9;0.9;1.7;0.52;0.0;0.671;7.3;0.131;2005
3;4;Andre Iguodala;21;PHI;0.0;14.0;630;0.022;82;32.8;9.0;5.7;3.0;1.7;0.6;0.493;0.331;0.743;6.6;0.118;2005
4;5T;Luol Deng;19;CHI;0.0;1.0;630;0.002;61;27.3;11.7;5.3;2.2;0.8;0.4;0.434;0.265;0.741;3.0;0.086;2005
5;5T;J.R. Smith;19;NOH;0.0;1.0;630;0.002;76;24.5;10.3;2.0;1.9;0.7;0.1;0.394;0.288;0.689;0.2;0.006;2005
0;1;Chris Paul;20;NOK;124.0;623.0;625;0.997;78;36.0;16.1;5.1;7.8;2.2;0.1;0.43;0.282;0.847;10.4;0.178;2006
1;2;Charlie Villanueva;21;TOR;0.0;248.0;625;0.397;81;29.1;13.0;6.4;1.1;0.7;0.8;0.463;0.327;0.706;3.9;0.079;2006
2;3;Andrew Bogut;21;MIL;0.0;98.0;625;0.157;82;28.6;9.4;7.0;2.3;0.6;0.8;0.533;0.0;0.629;5.5;0.113;2006
3;4;Raymond Felton;21;CHA;0.0;79.0;625;0.126;80;30.1;11.9;3.3;5.6;1.3;0.1;0.391;0.358;0.725;2.6;0.051;2006
4;5;Channing Frye;22;NYK;0.0;41.0;625;0.066;65;24.2;12.3;5.8;0.8;0.5;0.7;0.477;0.333;0.825;3.5;0.108;2006
5;6;Deron Williams;21;UTA;1.0;31.0;625;0.05;80;28.8;10.8;2.4;4.5;0.8;0.2;0.421;0.416;0.704;2.8;0.059;2006
6;7T;Danny Granger;22;IND;0.0;2.0;625;0.003;78;22.6;7.5;4.9;1.2;0.7;0.8;0.462;0.323;0.777;5.1;0.139;2006
7;7T;Luther Head;23;HOU;0.0;2.0;625;0.003;80;28.9;8.8;3.3;2.7;1.1;0.1;0.403;0.361;0.699;3.5;0.072;2006
8;9;Ryan Gomes;23;BOS;0.0;1.0;625;0.002;61;22.6;7.6;4.9;1.0;0.6;0.1;0.487;0.333;0.752;3.1;0.108;2006
0;1;Brandon Roy;22;POR;127.0;638.0;640;0.997;57;35.4;16.8;4.4;4.0;1.2;0.2;0.456;0.377;0.838;4.8;0.114;2007
1;2;Andrea Bargnani;21;TOR;1.0;264.0;640;0.413;65;25.1;11.6;3.9;0.8;0.5;0.8;0.427;0.373;0.824;1.9;0.057;2007
2;3;Rudy Gay;20;MEM;0.0;93.0;640;0.145;78;27.0;10.8;4.5;1.3;0.9;0.9;0.422;0.364;0.727;0.5;0.011;2007
3;4;Adam Morrison;22;CHA;0.0;44.0;640;0.069;78;29.8;11.8;2.9;2.1;0.4;0.1;0.376;0.337;0.71;-1.5;-0.03;2007
4;5;Randy Foye;23;MIN;0.0;37.0;640;0.058;82;22.9;10.1;2.7;2.8;0.6;0.3;0.434;0.368;0.854;2.3;0.058;2007
5;6;Paul Millsap;21;UTA;0.0;19.0;640;0.03;82;18.0;6.8;5.2;0.8;0.8;0.9;0.525;0.333;0.673;4.7;0.153;2007
6;7;LaMarcus Aldridge;21;POR;0.0;18.0;640;0.028;63;22.1;9.0;5.0;0.4;0.3;1.2;0.503;0.0;0.722;3.4;0.118;2007
7;8;Jorge Garbajosa;29;TOR;0.0;17.0;640;0.027;67;28.5;8.5;4.9;1.9;1.2;0.2;0.42;0.342;0.731;3.0;0.074;2007
8;9;Tyrus Thomas;20;CHI;0.0;10.0;640;0.016;72;13.4;5.2;3.7;0.6;0.6;1.1;0.475;0.0;0.606;2.2;0.11;2007
9;10;Walter Herrmann;27;CHA;0.0;5.0;640;0.008;48;19.5;9.2;2.9;0.5;0.4;0.1;0.527;0.461;0.774;2.4;0.125;2007
10;11;Craig Smith;23;MIN;0.0;4.0;640;0.006;82;18.7;7.4;5.1;0.6;0.6;0.2;0.531;0.0;0.624;3.9;0.121;2007
11;12;Rajon Rondo;20;BOS;0.0;3.0;640;0.005;78;23.5;6.4;3.7;3.8;1.6;0.1;0.418;0.207;0.647;2.4;0.064;2007
0;1;Kevin Durant;19;SEA;90.0;545.0;625;0.872;80;34.6;20.3;4.4;2.4;1.0;0.9;0.43;0.288;0.873;2.3;0.04;2008
1;2;Al Horford;21;ATL;30.0;390.0;625;0.624;81;31.4;10.1;9.7;1.5;0.7;0.9;0.499;0.0;0.731;5.5;0.103;2008
2;3;Luis Scola;27;HOU;5.0;146.0;625;0.234;82;24.7;10.3;6.4;1.3;0.7;0.2;0.515;0.0;0.668;6.5;0.154;2008
3;4;Al Thornton;24;LAC;0.0;30.0;625;0.048;79;27.3;12.7;4.5;1.2;0.6;0.5;0.429;0.331;0.743;1.1;0.025;2008
4;5;Jamario Moon;27;TOR;0.0;7.0;625;0.011;78;27.8;8.5;6.2;1.2;1.0;1.4;0.485;0.328;0.741;5.7;0.126;2008
5;6;Juan Carlos Navarro;27;MEM;0.0;3.0;625;0.005;82;25.8;10.9;2.6;2.2;0.6;0.0;0.402;0.361;0.849;1.4;0.031;2008
6;7;Thaddeus Young;19;PHI;0.0;2.0;625;0.003;74;21.0;8.2;4.2;0.8;1.0;0.1;0.539;0.316;0.738;4.5;0.14;2008
7;8T;Mike Conley;20;MEM;0.0;1.0;625;0.002;53;26.1;9.4;2.6;4.2;0.8;0.0;0.428;0.33;0.732;1.1;0.038;2008
8;8T;Carl Landry;24;HOU;0.0;1.0;625;0.002;42;16.9;8.1;4.9;0.5;0.4;0.2;0.616;0.0;0.661;3.7;0.251;2008
0;1;Derrick Rose;20;CHI;111.0;574.0;600;0.957;81;37.0;16.8;3.9;6.3;0.8;0.2;0.475;0.222;0.788;4.9;0.078;2009
1;2;O.J. Mayo;21;MEM;5.0;246.0;600;0.41;82;38.0;18.5;3.8;3.2;1.1;0.2;0.438;0.384;0.879;3.4;0.052;2009
2;3;Brook Lopez;20;NJN;2.0;127.0;600;0.212;82;30.5;13.0;8.1;1.0;0.5;1.8;0.531;0.0;0.793;5.8;0.112;2009
3;4;Russell Westbrook;20;OKC;2.0;73.0;600;0.122;82;32.5;15.3;4.9;5.3;1.3;0.2;0.398;0.271;0.815;1.9;0.035;2009
4;5;Eric Gordon;20;LAC;0.0;22.0;600;0.037;78;34.3;16.1;2.6;2.8;1.0;0.4;0.456;0.389;0.854;4.6;0.082;2009
5;6;Kevin Love;20;MIN;0.0;16.0;600;0.027;81;25.3;11.1;9.1;1.0;0.4;0.6;0.459;0.105;0.789;5.3;0.124;2009
6;7;Michael Beasley;20;MIA;0.0;7.0;600;0.012;81;24.8;13.9;5.4;1.0;0.5;0.5;0.472;0.407;0.772;3.4;0.081;2009
7;8;Marc Gasol;24;MEM;0.0;4.0;600;0.007;82;30.7;11.9;7.4;1.7;0.8;1.1;0.53;0.0;0.733;6.4;0.121;2009
8;9T;Rudy Fernández;23;POR;0.0;3.0;600;0.005;78;25.6;10.4;2.7;2.0;0.9;0.2;0.425;0.399;0.839;6.1;0.147;2009
9;9T;Robin Lopez;20;PHO;0.0;3.0;600;0.005;60;10.2;3.2;2.0;0.1;0.2;0.7;0.518;0.0;0.691;1.1;0.083;2009
10;11T;Mario Chalmers;22;MIA;0.0;2.0;600;0.003;82;32.0;10.0;2.8;4.9;2.0;0.1;0.42;0.367;0.767;5.2;0.095;2009
11;11T;Courtney Lee;23;ORL;0.0;2.0;600;0.003;77;25.2;8.4;2.3;1.2;1.0;0.2;0.45;0.404;0.83;4.4;0.108;2009
12;13;Nicolas Batum;20;POR;0.0;1.0;600;0.002;79;18.4;5.4;2.8;0.9;0.6;0.5;0.446;0.369;0.808;3.7;0.123;2009
0;1;Tyreke Evans;20;SAC;67.0;491.0;615;0.798;72;37.2;20.1;5.3;5.8;1.5;0.4;0.458;0.255;0.748;5.4;0.097;2010
1;2;Stephen Curry;21;GSW;43.0;391.0;615;0.636;80;36.2;17.5;4.5;5.9;1.9;0.2;0.462;0.437;0.885;4.7;0.077;2010
2;3;Brandon Jennings;20;MIL;12.0;204.0;615;0.332;82;32.6;15.5;3.4;5.7;1.3;0.2;0.371;0.374;0.817;4.2;0.075;2010
3;4;Darren Collison;22;NOH;1.0;17.0;615;0.028;76;27.8;12.4;2.5;5.7;1.0;0.1;0.477;0.4;0.851;2.9;0.067;2010
4;5T;Jonny Flynn;20;MIN;0.0;2.0;615;0.003;81;28.9;13.5;2.4;4.4;1.0;0.0;0.417;0.358;0.826;0.1;0.002;2010
5;5T;Taj Gibson;24;CHI;0.0;2.0;615;0.003;82;26.9;9.0;7.5;0.9;0.6;1.3;0.494;;0.646;4.7;0.103;2010
0;1;Blake Griffin;21;LAC;118.0;590.0;590;1.0;82;38.0;22.5;12.1;3.8;0.8;0.5;0.506;0.292;0.642;9.8;0.152;2011
1;2;John Wall;20;WAS;0.0;295.0;590;0.5;69;37.8;16.4;4.6;8.3;1.8;0.5;0.409;0.296;0.766;2.2;0.041;2011
2;3;DeMarcus Cousins;20;SAC;0.0;81.0;590;0.137;81;28.5;14.1;8.6;2.5;1.0;0.8;0.43;0.167;0.687;1.1;0.022;2011
3;4;Landry Fields;22;NYK;0.0;62.0;590;0.105;82;31.0;9.7;6.4;1.9;1.0;0.2;0.497;0.393;0.769;5.3;0.1;2011
4;5;Gary Neal;26;SAS;0.0;19.0;590;0.032;80;21.1;9.8;2.5;1.2;0.3;0.1;0.451;0.419;0.808;3.5;0.099;2011
5;6;Greg Monroe;20;DET;0.0;15.0;590;0.025;80;27.8;9.4;7.5;1.3;1.2;0.6;0.551;0.0;0.622;6.6;0.143;2011
0;1;Kyrie Irving;19;CLE;117.0;592.0;600;0.987;51;30.5;18.5;3.7;5.4;1.1;0.4;0.469;0.399;0.872;4.1;0.125;2012
1;2;Ricky Rubio;21;MIN;0.0;170.0;600;0.283;41;34.2;10.6;4.2;8.2;2.2;0.2;0.357;0.34;0.803;2.0;0.07;2012
2;3;Kenneth Faried;22;DEN;1.0;129.0;600;0.215;46;22.5;10.2;7.7;0.8;0.7;1.0;0.586;;0.665;4.6;0.212;2012
3;4;Kawhi Leonard;20;SAS;1.0;47.0;600;0.078;64;24.0;7.9;5.1;1.1;1.3;0.4;0.493;0.376;0.773;5.5;0.171;2012
4;5;Iman Shumpert;21;NYK;1.0;33.0;600;0.055;59;28.9;9.5;3.2;2.8;1.7;0.1;0.401;0.306;0.798;2.4;0.068;2012
5;6;Klay Thompson;21;GSW;0.0;30.0;600;0.05;66;24.4;12.5;2.4;2.0;0.7;0.3;0.443;0.414;0.868;1.7;0.05;2012
6;7;Isaiah Thomas;22;SAC;0.0;28.0;600;0.047;65;25.5;11.5;2.6;4.1;0.8;0.1;0.448;0.379;0.832;4.3;0.124;2012
7;8;Brandon Knight;20;DET;0.0;21.0;600;0.035;66;32.3;12.8;3.2;3.8;0.7;0.2;0.415;0.38;0.759;1.3;0.029;2012
8;9;Chandler Parsons;23;HOU;0.0;14.0;600;0.023;63;28.6;9.5;4.8;2.1;1.2;0.5;0.452;0.337;0.551;3.4;0.09;2012
9;10;MarShon Brooks;23;NJN;0.0;4.0;600;0.007;56;29.4;12.6;3.6;2.3;0.9;0.3;0.428;0.313;0.764;0.8;0.022;2012
10;11;Kemba Walker;21;CHA;0.0;3.0;600;0.005;66;27.2;12.1;3.5;4.4;0.9;0.3;0.366;0.305;0.789;0.3;0.009;2012
11;12;Josh Selby;20;MEM;0.0;1.0;600;0.002;28;8.5;2.3;0.5;1.1;0.3;0.0;0.347;0.133;0.786;-0.5;-0.105;2012
0;1;Damian Lillard;22;POR;121.0;605.0;605;1.0;82;38.6;19.0;3.1;6.5;0.9;0.2;0.429;0.368;0.844;5.8;0.088;2013
1;2;Anthony Davis;19;NOH;0.0;306.0;605;0.506;64;28.8;13.5;8.2;1.0;1.2;1.8;0.516;0.0;0.751;6.1;0.159;2013
2;3;Bradley Beal;19;WAS;0.0;94.0;605;0.155;56;31.2;13.9;3.8;2.4;0.9;0.5;0.41;0.386;0.786;3.0;0.082;2013
3;4;Andre Drummond;19;DET;0.0;36.0;605;0.06;60;20.7;7.9;7.6;0.5;1.0;1.6;0.608;0.5;0.371;4.5;0.172;2013
4;5;Dion Waiters;21;CLE;0.0;21.0;605;0.035;61;28.8;14.7;2.4;3.0;1.0;0.3;0.412;0.31;0.746;0.9;0.026;2013
5;6T;Harrison Barnes;20;GSW;0.0;8.0;605;0.013;81;25.4;9.2;4.1;1.2;0.6;0.2;0.439;0.359;0.758;2.8;0.065;2013
6;6T;Chris Copeland;28;NYK;0.0;8.0;605;0.013;56;15.4;8.7;2.1;0.5;0.3;0.2;0.479;0.421;0.759;2.1;0.117;2013
7;8;Michael Kidd-Gilchrist;19;CHA;0.0;3.0;605;0.005;78;26.0;9.0;5.8;1.5;0.7;0.9;0.458;0.222;0.749;2.1;0.051;2013
8;9;Jonas Valančiūnas;20;TOR;0.0;2.0;605;0.003;62;23.9;8.9;6.0;0.7;0.3;1.3;0.557;;0.789;3.9;0.127;2013
9;10;John Jenkins;21;ATL;0.0;1.0;605;0.002;61;14.8;6.1;1.5;0.9;0.2;0.2;0.446;0.384;0.843;1.7;0.091;2013
0;1;Michael Carter-Williams;22;PHI;104.0;569.0;620;0.918;70;34.5;16.7;6.2;6.3;1.9;0.6;0.405;0.264;0.703;1.3;0.026;2014
1;2;Victor Oladipo;21;ORL;16.0;364.0;620;0.587;80;31.1;13.8;4.1;4.1;1.6;0.5;0.419;0.327;0.78;1.3;0.026;2014
2;3;Trey Burke;21;UTA;1.0;96.0;620;0.155;70;32.3;12.8;3.0;5.7;0.6;0.1;0.38;0.33;0.903;0.9;0.02;2014
3;4;Mason Plumlee;23;BRK;2.0;58.0;620;0.094;70;18.2;7.4;4.4;0.9;0.7;0.8;0.659;0.0;0.626;4.7;0.176;2014
4;5;Tim Hardaway Jr.;21;NYK;1.0;23.0;620;0.037;81;23.1;10.2;1.5;0.8;0.5;0.1;0.428;0.363;0.828;3.1;0.08;2014
5;6;Gorgui Dieng;24;MIN;0.0;3.0;620;0.005;60;13.6;4.8;5.0;0.7;0.5;0.8;0.498;1.0;0.634;2.2;0.129;2014
6;7T;Steven Adams;20;OKC;0.0;1.0;620;0.002;81;14.8;3.3;4.1;0.5;0.5;0.7;0.503;;0.581;2.9;0.114;2014
7;7T;Giannis Antetokounmpo;19;MIL;0.0;1.0;620;0.002;77;24.6;6.8;4.4;1.9;0.8;0.8;0.414;0.347;0.683;1.2;0.031;2014
8;7T;Nick Calathes;24;MEM;0.0;1.0;620;0.002;71;16.5;4.9;1.9;2.9;0.9;0.1;0.457;0.311;0.611;1.5;0.062;2014
0;1;Andrew Wiggins;19;MIN;110.0;604.0;650;0.929;82;36.2;16.9;4.6;2.1;1.0;0.6;0.437;0.31;0.76;2.1;0.034;2015
1;2;Nikola Mirotić;23;CHI;14.0;335.0;650;0.515;82;20.2;10.2;4.9;1.2;0.7;0.7;0.405;0.316;0.803;5.7;0.165;2015
2;3;Nerlens Noel;20;PHI;3.0;141.0;650;0.217;75;30.8;9.9;8.1;1.7;1.8;1.9;0.462;;0.609;4.0;0.083;2015
3;4;Elfrid Payton;20;ORL;3.0;79.0;650;0.122;82;30.4;8.9;4.3;6.5;1.7;0.2;0.425;0.262;0.551;2.3;0.044;2015
4;5;Marcus Smart;20;BOS;0.0;6.0;650;0.009;67;27.0;7.8;3.3;3.1;1.5;0.3;0.367;0.335;0.646;2.9;0.077;2015
5;6;Jusuf Nurkić;20;DEN;0.0;3.0;650;0.005;62;17.8;6.9;6.2;0.8;0.8;1.1;0.446;0.0;0.636;1.6;0.069;2015
6;7;Jordan Clarkson;22;LAL;0.0;2.0;650;0.003;59;25.0;11.9;3.2;3.5;0.9;0.2;0.448;0.314;0.829;2.4;0.078;2015
0;1;Karl-Anthony Towns;20;MIN;130.0;650.0;650;1.0;82;32.0;18.3;10.5;2.0;0.7;1.7;0.542;0.341;0.811;8.3;0.151;2016
1;2;Kristaps Porziņģis;20;NYK;0.0;363.0;650;0.558;72;28.4;14.3;7.3;1.3;0.7;1.9;0.421;0.333;0.838;4.4;0.102;2016
2;3;Nikola Jokić;20;DEN;0.0;59.0;650;0.091;80;21.7;10.0;7.0;2.4;1.0;0.6;0.512;0.333;0.811;6.7;0.185;2016
3;4;Devin Booker;19;PHO;0.0;49.0;650;0.075;76;27.7;13.8;2.5;2.6;0.6;0.3;0.423;0.343;0.84;1.9;0.043;2016
4;5;Jahlil Okafor;20;PHI;0.0;34.0;650;0.052;53;30.0;17.5;7.0;1.2;0.4;1.2;0.508;0.167;0.686;1.2;0.037;2016
5;6;Justise Winslow;19;MIA;0.0;7.0;650;0.011;78;28.6;6.4;5.2;1.5;0.9;0.3;0.422;0.276;0.684;2.5;0.054;2016
6;7;Emmanuel Mudiay;19;DEN;0.0;4.0;650;0.006;68;30.4;12.8;3.4;5.5;1.0;0.5;0.364;0.319;0.67;-2.1;-0.049;2016
7;8;Myles Turner;19;IND;0.0;3.0;650;0.005;60;22.8;10.3;5.5;0.7;0.4;1.4;0.498;0.214;0.727;3.1;0.109;2016
8;9;D'Angelo Russell;19;LAL;0.0;1.0;650;0.002;80;28.2;13.2;3.4;3.3;1.2;0.2;0.41;0.351;0.737;0.0;0.001;2016
0;1;Malcolm Brogdon;24;MIL;64.0;414.0;500;0.828;75;26.4;10.2;2.8;4.2;1.1;0.2;0.457;0.404;0.865;4.1;0.1;2017
1;2;Dario Šarić;22;PHI;13.0;266.0;500;0.532;81;26.3;12.8;6.3;2.2;0.7;0.4;0.411;0.311;0.782;1.0;0.023;2017
2;3;Joel Embiid;22;PHI;23.0;177.0;500;0.354;31;25.4;20.2;7.8;2.1;0.9;2.5;0.466;0.367;0.783;1.9;0.117;2017
3;4;Buddy Hield;24;TOT;0.0;21.0;500;0.042;82;23.0;10.6;3.3;1.5;0.5;0.1;0.426;0.391;0.842;1.3;0.032;2017
4;5T;Willy Hernangómez;22;NYK;0.0;8.0;500;0.016;72;18.4;8.2;7.0;1.3;0.6;0.5;0.529;0.267;0.728;3.4;0.123;2017
5;5T;Jamal Murray;19;DEN;0.0;8.0;500;0.016;82;21.5;9.9;2.6;2.1;0.6;0.3;0.404;0.334;0.883;1.3;0.037;2017
6;7;Marquese Chriss;19;PHO;0.0;3.0;500;0.006;82;21.3;9.2;4.2;0.7;0.8;0.9;0.449;0.321;0.624;1.8;0.05;2017
7;8T;Jaylen Brown;20;BOS;0.0;1.0;500;0.002;78;17.2;6.6;2.8;0.8;0.4;0.2;0.454;0.341;0.685;1.5;0.053;2017
8;8T;Yogi Ferrell;23;TOT;0.0;1.0;500;0.002;46;26.0;10.0;2.4;3.7;0.9;0.2;0.406;0.386;0.831;1.8;0.072;2017
9;8T;Rodney McGruder;25;MIA;0.0;1.0;500;0.002;78;25.2;6.4;3.3;1.6;0.6;0.2;0.413;0.332;0.62;2.9;0.072;2017
0;1;Ben Simmons;21;PHI;90.0;481.0;505;0.952;81;33.7;15.8;8.1;8.2;1.7;0.9;0.545;0.0;0.56;9.2;0.162;2018
1;2;Donovan Mitchell;21;UTA;11.0;323.0;505;0.64;79;33.4;20.5;3.7;3.7;1.5;0.3;0.437;0.34;0.805;5.2;0.095;2018
2;3;Jayson Tatum;19;BOS;0.0;101.0;505;0.2;80;30.5;13.9;5.0;1.6;1.0;0.7;0.475;0.434;0.826;7.1;0.139;2018
3;4;Kyle Kuzma;22;LAL;0.0;3.0;505;0.006;77;31.2;16.1;6.3;1.8;0.6;0.4;0.45;0.366;0.707;3.8;0.077;2018
4;5;Dennis Smith Jr.;20;DAL;0.0;1.0;505;0.002;69;29.7;15.2;3.8;5.2;1.0;0.3;0.395;0.313;0.694;-0.7;-0.017;2018
0;1;Luka Dončić;19;DAL;98.0;496.0;500;0.992;72;32.2;21.2;7.8;6.0;1.1;0.3;0.427;0.327;0.713;4.9;0.101;2019
1;2;Trae Young;20;ATL;2.0;301.0;500;0.602;81;30.9;19.1;3.7;8.1;0.9;0.2;0.418;0.324;0.829;3.3;0.062;2019
2;3;Deandre Ayton;20;PHO;0.0;66.0;500;0.132;71;30.7;16.3;10.3;1.8;0.9;0.9;0.585;0.0;0.746;5.8;0.128;2019
3;4;Jaren Jackson Jr.;19;MEM;0.0;12.0;500;0.024;58;26.1;13.8;4.7;1.1;0.9;1.4;0.506;0.359;0.766;3.3;0.105;2019
4;5;Collin Sexton;20;CLE;0.0;10.0;500;0.02;82;31.8;16.7;2.9;3.0;0.5;0.1;0.43;0.402;0.839;-0.6;-0.011;2019
5;6;Shai Gilgeous-Alexander;20;LAC;0.0;7.0;500;0.014;82;26.5;10.8;2.8;3.3;1.2;0.5;0.476;0.367;0.8;3.3;0.074;2019
6;7;Marvin Bagley III;19;SAC;0.0;6.0;500;0.012;62;25.3;14.9;7.6;1.0;0.5;1.0;0.504;0.313;0.691;3.6;0.11;2019
7;8T;Josh Okogie;20;MIN;0.0;1.0;500;0.002;74;23.7;7.7;2.9;1.2;1.2;0.4;0.386;0.279;0.728;1.2;0.034;2019
8;8T;Mitchell Robinson;20;NYK;0.0;1.0;500;0.002;66;20.6;7.3;6.4;0.6;0.8;2.4;0.694;;0.6;6.1;0.217;2019
0;1;Ja Morant;20;MEM;99.0;498.0;500;0.996;67;31.0;17.8;3.9;7.3;0.9;0.3;0.477;0.335;0.776;3.8;0.088;2020
1;2;Kendrick Nunn;24;MIA;0.0;204.0;500;0.408;67;29.3;15.3;2.7;3.3;0.8;0.2;0.439;0.35;0.85;2.0;0.049;2020
2;3;Zion Williamson;19;NOP;1.0;140.0;500;0.28;24;27.8;22.5;6.3;2.1;0.7;0.4;0.583;0.429;0.64;2.0;0.141;2020
3;4;Brandon Clarke;23;MEM;0.0;50.0;500;0.1;58;22.4;12.1;5.9;1.4;0.6;0.8;0.618;0.359;0.759;5.0;0.183;2020
4;5;Coby White;19;CHI;0.0;3.0;500;0.006;65;25.8;13.2;3.5;2.7;0.8;0.1;0.394;0.354;0.791;0.9;0.026;2020
5;6T;Terence Davis;22;TOR;0.0;2.0;500;0.004;72;16.8;7.5;3.3;1.6;0.5;0.2;0.456;0.388;0.864;3.1;0.122;2020
6;6T;Eric Paschall;23;GSW;0.0;2.0;500;0.004;60;27.6;14.0;4.6;2.1;0.5;0.2;0.497;0.287;0.774;2.1;0.062;2020
7;8;RJ Barrett;19;NYK;0.0;1.0;500;0.002;56;30.4;14.3;5.0;2.6;1.0;0.3;0.402;0.32;0.614;-0.5;-0.015;2020
0;1;LaMelo Ball;19;CHO;84.0;465.0;495;0.939;51;28.8;15.7;5.9;6.1;1.6;0.4;0.436;0.352;0.758;2.8;0.093;2021
1;2;Anthony Edwards;19;MIN;15.0;309.0;495;0.624;72;32.1;19.3;4.7;2.9;1.1;0.5;0.417;0.329;0.776;0.8;0.017;2021
2;3;Tyrese Haliburton;20;SAC;0.0;114.0;495;0.23;58;30.1;13.0;3.0;5.3;1.3;0.5;0.472;0.409;0.857;3.5;0.096;2021
3;4;Saddiq Bey;21;DET;0.0;3.0;495;0.006;70;27.3;12.2;4.5;1.4;0.7;0.2;0.404;0.38;0.844;3.3;0.082;2021
0;1;Scottie Barnes;20;TOR;48.0;378.0;500;0.756;74;35.4;15.3;7.5;3.5;1.1;0.7;0.492;0.301;0.735;6.6;0.122;2022
1;2;Evan Mobley;20;CLE;43.0;363.0;500;0.726;69;33.8;15.0;8.3;2.5;0.8;1.7;0.508;0.25;0.663;5.2;0.107;2022
2;3;Cade Cunningham;20;DET;9.0;153.0;500;0.306;64;32.6;17.4;5.5;5.6;1.2;0.7;0.416;0.314;0.845;-0.5;-0.011;2022
3;4;Jalen Green;19;HOU;0.0;3.0;500;0.006;67;31.9;17.3;3.4;2.6;0.7;0.3;0.426;0.343;0.797;0.7;0.015;2022
4;5;Franz Wagner;20;ORL;0.0;2.0;500;0.004;79;30.7;15.2;4.5;2.9;0.9;0.4;0.468;0.354;0.863;4.0;0.079;2022
5;6;Herbert Jones;23;NOP;0.0;1.0;500;0.002;78;29.9;9.5;3.8;2.1;1.7;0.8;0.476;0.337;0.84;4.6;0.096;2022
